src_uniprot_id,tgt_uniprot_id,sim_score,method
P12345,P04637,0.9807,bert
P12345,P38398,0.9807,bert
P12345,Q8TDQ0,0.9807,bert
P12345,P17809,0.9807,bert
P12345,Q8NFD5,0.9807,bert
P12345,P21860,0.9807,bert
P12345,Q14457,0.9807,bert
P12345,O15520,0.9807,bert
P12345,Q91ZM2,0.9807,bert
P12345,P16410,0.9807,bert
P12345,P18627,0.9807,bert
P12345,O43741,0.9807,bert
P12345,P08922,0.9807,bert
P12345,Q969H0,0.9807,bert
P12345,Q6VAB6,0.9807,bert
P12345,Q13426,0.9807,bert
P12345,Q9UBC3,0.9807,bert
P12345,P32120,0.9807,bert
P12345,P42082,0.9807,bert
P12345,P00533,0.9807,bert
P04637,P38398,1.0000,bert
P04637,Q8TDQ0,1.0000,bert
P04637,P17809,1.0000,bert
P04637,Q8NFD5,1.0000,bert
P04637,P21860,1.0000,bert
P04637,Q14457,1.0000,bert
P04637,O15520,1.0000,bert
P04637,Q91ZM2,1.0000,bert
P04637,P16410,1.0000,bert
P04637,P18627,1.0000,bert
P04637,O43741,1.0000,bert
P04637,P08922,1.0000,bert
P04637,Q969H0,1.0000,bert
P04637,Q6VAB6,1.0000,bert
P04637,Q13426,1.0000,bert
P04637,Q9UBC3,1.0000,bert
P04637,P32120,1.0000,bert
P04637,P42082,1.0000,bert
P04637,P00533,1.0000,bert
P04637,P29590,1.0000,bert
P38398,P04637,1.0000,bert
P38398,Q8TDQ0,1.0000,bert
P38398,P17809,1.0000,bert
P38398,Q8NFD5,1.0000,bert
P38398,P21860,1.0000,bert
P38398,Q14457,1.0000,bert
P38398,O15520,1.0000,bert
P38398,Q91ZM2,1.0000,bert
P38398,P16410,1.0000,bert
P38398,P18627,1.0000,bert
P38398,O43741,1.0000,bert
P38398,P08922,1.0000,bert
P38398,Q969H0,1.0000,bert
P38398,Q6VAB6,1.0000,bert
P38398,Q13426,1.0000,bert
P38398,Q9UBC3,1.0000,bert
P38398,P32120,1.0000,bert
P38398,P42082,1.0000,bert
P38398,P00533,1.0000,bert
P38398,P29590,1.0000,bert
Q8TDQ0,P04637,1.0000,bert
Q8TDQ0,P38398,1.0000,bert
Q8TDQ0,P17809,1.0000,bert
Q8TDQ0,Q8NFD5,1.0000,bert
Q8TDQ0,P21860,1.0000,bert
Q8TDQ0,Q14457,1.0000,bert
Q8TDQ0,O15520,1.0000,bert
Q8TDQ0,Q91ZM2,1.0000,bert
Q8TDQ0,P16410,1.0000,bert
Q8TDQ0,P18627,1.0000,bert
Q8TDQ0,O43741,1.0000,bert
Q8TDQ0,P08922,1.0000,bert
Q8TDQ0,Q969H0,1.0000,bert
Q8TDQ0,Q6VAB6,1.0000,bert
Q8TDQ0,Q13426,1.0000,bert
Q8TDQ0,Q9UBC3,1.0000,bert
Q8TDQ0,P32120,1.0000,bert
Q8TDQ0,P42082,1.0000,bert
Q8TDQ0,P00533,1.0000,bert
Q8TDQ0,P29590,1.0000,bert
P17809,P04637,1.0000,bert
P17809,P38398,1.0000,bert
P17809,Q8TDQ0,1.0000,bert
P17809,Q8NFD5,1.0000,bert
P17809,P21860,1.0000,bert
P17809,Q14457,1.0000,bert
P17809,O15520,1.0000,bert
P17809,Q91ZM2,1.0000,bert
P17809,P16410,1.0000,bert
P17809,P18627,1.0000,bert
P17809,O43741,1.0000,bert
P17809,P08922,1.0000,bert
P17809,Q969H0,1.0000,bert
P17809,Q6VAB6,1.0000,bert
P17809,Q13426,1.0000,bert
P17809,Q9UBC3,1.0000,bert
P17809,P32120,1.0000,bert
P17809,P42082,1.0000,bert
P17809,P00533,1.0000,bert
P17809,P29590,1.0000,bert
Q8NFD5,P04637,1.0000,bert
Q8NFD5,P38398,1.0000,bert
Q8NFD5,Q8TDQ0,1.0000,bert
Q8NFD5,P17809,1.0000,bert
Q8NFD5,P21860,1.0000,bert
Q8NFD5,Q14457,1.0000,bert
Q8NFD5,O15520,1.0000,bert
Q8NFD5,Q91ZM2,1.0000,bert
Q8NFD5,P16410,1.0000,bert
Q8NFD5,P18627,1.0000,bert
Q8NFD5,O43741,1.0000,bert
Q8NFD5,P08922,1.0000,bert
Q8NFD5,Q969H0,1.0000,bert
Q8NFD5,Q6VAB6,1.0000,bert
Q8NFD5,Q13426,1.0000,bert
Q8NFD5,Q9UBC3,1.0000,bert
Q8NFD5,P32120,1.0000,bert
Q8NFD5,P42082,1.0000,bert
Q8NFD5,P00533,1.0000,bert
Q8NFD5,P29590,1.0000,bert
P21860,P04637,1.0000,bert
P21860,P38398,1.0000,bert
P21860,Q8TDQ0,1.0000,bert
P21860,P17809,1.0000,bert
P21860,Q8NFD5,1.0000,bert
P21860,Q14457,1.0000,bert
P21860,O15520,1.0000,bert
P21860,Q91ZM2,1.0000,bert
P21860,P16410,1.0000,bert
P21860,P18627,1.0000,bert
P21860,O43741,1.0000,bert
P21860,P08922,1.0000,bert
P21860,Q969H0,1.0000,bert
P21860,Q6VAB6,1.0000,bert
P21860,Q13426,1.0000,bert
P21860,Q9UBC3,1.0000,bert
P21860,P32120,1.0000,bert
P21860,P42082,1.0000,bert
P21860,P00533,1.0000,bert
P21860,P29590,1.0000,bert
Q14457,P04637,1.0000,bert
Q14457,P38398,1.0000,bert
Q14457,Q8TDQ0,1.0000,bert
Q14457,P17809,1.0000,bert
Q14457,Q8NFD5,1.0000,bert
Q14457,P21860,1.0000,bert
Q14457,O15520,1.0000,bert
Q14457,Q91ZM2,1.0000,bert
Q14457,P16410,1.0000,bert
Q14457,P18627,1.0000,bert
Q14457,O43741,1.0000,bert
Q14457,P08922,1.0000,bert
Q14457,Q969H0,1.0000,bert
Q14457,Q6VAB6,1.0000,bert
Q14457,Q13426,1.0000,bert
Q14457,Q9UBC3,1.0000,bert
Q14457,P32120,1.0000,bert
Q14457,P42082,1.0000,bert
Q14457,P00533,1.0000,bert
Q14457,P29590,1.0000,bert
O15520,P04637,1.0000,bert
O15520,P38398,1.0000,bert
O15520,Q8TDQ0,1.0000,bert
O15520,P17809,1.0000,bert
O15520,Q8NFD5,1.0000,bert
O15520,P21860,1.0000,bert
O15520,Q14457,1.0000,bert
O15520,Q91ZM2,1.0000,bert
O15520,P16410,1.0000,bert
O15520,P18627,1.0000,bert
O15520,O43741,1.0000,bert
O15520,P08922,1.0000,bert
O15520,Q969H0,1.0000,bert
O15520,Q6VAB6,1.0000,bert
O15520,Q13426,1.0000,bert
O15520,Q9UBC3,1.0000,bert
O15520,P32120,1.0000,bert
O15520,P42082,1.0000,bert
O15520,P00533,1.0000,bert
O15520,P29590,1.0000,bert
Q91ZM2,P04637,1.0000,bert
Q91ZM2,P38398,1.0000,bert
Q91ZM2,Q8TDQ0,1.0000,bert
Q91ZM2,P17809,1.0000,bert
Q91ZM2,Q8NFD5,1.0000,bert
Q91ZM2,P21860,1.0000,bert
Q91ZM2,Q14457,1.0000,bert
Q91ZM2,O15520,1.0000,bert
Q91ZM2,P16410,1.0000,bert
Q91ZM2,P18627,1.0000,bert
Q91ZM2,O43741,1.0000,bert
Q91ZM2,P08922,1.0000,bert
Q91ZM2,Q969H0,1.0000,bert
Q91ZM2,Q6VAB6,1.0000,bert
Q91ZM2,Q13426,1.0000,bert
Q91ZM2,Q9UBC3,1.0000,bert
Q91ZM2,P32120,1.0000,bert
Q91ZM2,P42082,1.0000,bert
Q91ZM2,P00533,1.0000,bert
Q91ZM2,P29590,1.0000,bert
P16410,P04637,1.0000,bert
P16410,P38398,1.0000,bert
P16410,Q8TDQ0,1.0000,bert
P16410,P17809,1.0000,bert
P16410,Q8NFD5,1.0000,bert
P16410,P21860,1.0000,bert
P16410,Q14457,1.0000,bert
P16410,O15520,1.0000,bert
P16410,Q91ZM2,1.0000,bert
P16410,P18627,1.0000,bert
P16410,O43741,1.0000,bert
P16410,P08922,1.0000,bert
P16410,Q969H0,1.0000,bert
P16410,Q6VAB6,1.0000,bert
P16410,Q13426,1.0000,bert
P16410,Q9UBC3,1.0000,bert
P16410,P32120,1.0000,bert
P16410,P42082,1.0000,bert
P16410,P00533,1.0000,bert
P16410,P29590,1.0000,bert
P18627,P04637,1.0000,bert
P18627,P38398,1.0000,bert
P18627,Q8TDQ0,1.0000,bert
P18627,P17809,1.0000,bert
P18627,Q8NFD5,1.0000,bert
P18627,P21860,1.0000,bert
P18627,Q14457,1.0000,bert
P18627,O15520,1.0000,bert
P18627,Q91ZM2,1.0000,bert
P18627,P16410,1.0000,bert
P18627,O43741,1.0000,bert
P18627,P08922,1.0000,bert
P18627,Q969H0,1.0000,bert
P18627,Q6VAB6,1.0000,bert
P18627,Q13426,1.0000,bert
P18627,Q9UBC3,1.0000,bert
P18627,P32120,1.0000,bert
P18627,P42082,1.0000,bert
P18627,P00533,1.0000,bert
P18627,P29590,1.0000,bert
O43741,P04637,1.0000,bert
O43741,P38398,1.0000,bert
O43741,Q8TDQ0,1.0000,bert
O43741,P17809,1.0000,bert
O43741,Q8NFD5,1.0000,bert
O43741,P21860,1.0000,bert
O43741,Q14457,1.0000,bert
O43741,O15520,1.0000,bert
O43741,Q91ZM2,1.0000,bert
O43741,P16410,1.0000,bert
O43741,P18627,1.0000,bert
O43741,P08922,1.0000,bert
O43741,Q969H0,1.0000,bert
O43741,Q6VAB6,1.0000,bert
O43741,Q13426,1.0000,bert
O43741,Q9UBC3,1.0000,bert
O43741,P32120,1.0000,bert
O43741,P42082,1.0000,bert
O43741,P00533,1.0000,bert
O43741,P29590,1.0000,bert
P08922,P04637,1.0000,bert
P08922,P38398,1.0000,bert
P08922,Q8TDQ0,1.0000,bert
P08922,P17809,1.0000,bert
P08922,Q8NFD5,1.0000,bert
P08922,P21860,1.0000,bert
P08922,Q14457,1.0000,bert
P08922,O15520,1.0000,bert
P08922,Q91ZM2,1.0000,bert
P08922,P16410,1.0000,bert
P08922,P18627,1.0000,bert
P08922,O43741,1.0000,bert
P08922,Q969H0,1.0000,bert
P08922,Q6VAB6,1.0000,bert
P08922,Q13426,1.0000,bert
P08922,Q9UBC3,1.0000,bert
P08922,P32120,1.0000,bert
P08922,P42082,1.0000,bert
P08922,P00533,1.0000,bert
P08922,P29590,1.0000,bert
Q969H0,P04637,1.0000,bert
Q969H0,P38398,1.0000,bert
Q969H0,Q8TDQ0,1.0000,bert
Q969H0,P17809,1.0000,bert
Q969H0,Q8NFD5,1.0000,bert
Q969H0,P21860,1.0000,bert
Q969H0,Q14457,1.0000,bert
Q969H0,O15520,1.0000,bert
Q969H0,Q91ZM2,1.0000,bert
Q969H0,P16410,1.0000,bert
Q969H0,P18627,1.0000,bert
Q969H0,O43741,1.0000,bert
Q969H0,P08922,1.0000,bert
Q969H0,Q6VAB6,1.0000,bert
Q969H0,Q13426,1.0000,bert
Q969H0,Q9UBC3,1.0000,bert
Q969H0,P32120,1.0000,bert
Q969H0,P42082,1.0000,bert
Q969H0,P00533,1.0000,bert
Q969H0,P29590,1.0000,bert
Q6VAB6,P04637,1.0000,bert
Q6VAB6,P38398,1.0000,bert
Q6VAB6,Q8TDQ0,1.0000,bert
Q6VAB6,P17809,1.0000,bert
Q6VAB6,Q8NFD5,1.0000,bert
Q6VAB6,P21860,1.0000,bert
Q6VAB6,Q14457,1.0000,bert
Q6VAB6,O15520,1.0000,bert
Q6VAB6,Q91ZM2,1.0000,bert
Q6VAB6,P16410,1.0000,bert
Q6VAB6,P18627,1.0000,bert
Q6VAB6,O43741,1.0000,bert
Q6VAB6,P08922,1.0000,bert
Q6VAB6,Q969H0,1.0000,bert
Q6VAB6,Q13426,1.0000,bert
Q6VAB6,Q9UBC3,1.0000,bert
Q6VAB6,P32120,1.0000,bert
Q6VAB6,P42082,1.0000,bert
Q6VAB6,P00533,1.0000,bert
Q6VAB6,P29590,1.0000,bert
Q13426,P04637,1.0000,bert
Q13426,P38398,1.0000,bert
Q13426,Q8TDQ0,1.0000,bert
Q13426,P17809,1.0000,bert
Q13426,Q8NFD5,1.0000,bert
Q13426,P21860,1.0000,bert
Q13426,Q14457,1.0000,bert
Q13426,O15520,1.0000,bert
Q13426,Q91ZM2,1.0000,bert
Q13426,P16410,1.0000,bert
Q13426,P18627,1.0000,bert
Q13426,O43741,1.0000,bert
Q13426,P08922,1.0000,bert
Q13426,Q969H0,1.0000,bert
Q13426,Q6VAB6,1.0000,bert
Q13426,Q9UBC3,1.0000,bert
Q13426,P32120,1.0000,bert
Q13426,P42082,1.0000,bert
Q13426,P00533,1.0000,bert
Q13426,P29590,1.0000,bert
Q9UBC3,P04637,1.0000,bert
Q9UBC3,P38398,1.0000,bert
Q9UBC3,Q8TDQ0,1.0000,bert
Q9UBC3,P17809,1.0000,bert
Q9UBC3,Q8NFD5,1.0000,bert
Q9UBC3,P21860,1.0000,bert
Q9UBC3,Q14457,1.0000,bert
Q9UBC3,O15520,1.0000,bert
Q9UBC3,Q91ZM2,1.0000,bert
Q9UBC3,P16410,1.0000,bert
Q9UBC3,P18627,1.0000,bert
Q9UBC3,O43741,1.0000,bert
Q9UBC3,P08922,1.0000,bert
Q9UBC3,Q969H0,1.0000,bert
Q9UBC3,Q6VAB6,1.0000,bert
Q9UBC3,Q13426,1.0000,bert
Q9UBC3,P32120,1.0000,bert
Q9UBC3,P42082,1.0000,bert
Q9UBC3,P00533,1.0000,bert
Q9UBC3,P29590,1.0000,bert
P32120,P04637,1.0000,bert
P32120,P38398,1.0000,bert
P32120,Q8TDQ0,1.0000,bert
P32120,P17809,1.0000,bert
P32120,Q8NFD5,1.0000,bert
P32120,P21860,1.0000,bert
P32120,Q14457,1.0000,bert
P32120,O15520,1.0000,bert
P32120,Q91ZM2,1.0000,bert
P32120,P16410,1.0000,bert
P32120,P18627,1.0000,bert
P32120,O43741,1.0000,bert
P32120,P08922,1.0000,bert
P32120,Q969H0,1.0000,bert
P32120,Q6VAB6,1.0000,bert
P32120,Q13426,1.0000,bert
P32120,Q9UBC3,1.0000,bert
P32120,P42082,1.0000,bert
P32120,P00533,1.0000,bert
P32120,P29590,1.0000,bert
P42082,P04637,1.0000,bert
P42082,P38398,1.0000,bert
P42082,Q8TDQ0,1.0000,bert
P42082,P17809,1.0000,bert
P42082,Q8NFD5,1.0000,bert
P42082,P21860,1.0000,bert
P42082,Q14457,1.0000,bert
P42082,O15520,1.0000,bert
P42082,Q91ZM2,1.0000,bert
P42082,P16410,1.0000,bert
P42082,P18627,1.0000,bert
P42082,O43741,1.0000,bert
P42082,P08922,1.0000,bert
P42082,Q969H0,1.0000,bert
P42082,Q6VAB6,1.0000,bert
P42082,Q13426,1.0000,bert
P42082,Q9UBC3,1.0000,bert
P42082,P32120,1.0000,bert
P42082,P00533,1.0000,bert
P42082,P29590,1.0000,bert
P00533,P04637,1.0000,bert
P00533,P38398,1.0000,bert
P00533,Q8TDQ0,1.0000,bert
P00533,P17809,1.0000,bert
P00533,Q8NFD5,1.0000,bert
P00533,P21860,1.0000,bert
P00533,Q14457,1.0000,bert
P00533,O15520,1.0000,bert
P00533,Q91ZM2,1.0000,bert
P00533,P16410,1.0000,bert
P00533,P18627,1.0000,bert
P00533,O43741,1.0000,bert
P00533,P08922,1.0000,bert
P00533,Q969H0,1.0000,bert
P00533,Q6VAB6,1.0000,bert
P00533,Q13426,1.0000,bert
P00533,Q9UBC3,1.0000,bert
P00533,P32120,1.0000,bert
P00533,P42082,1.0000,bert
P00533,P29590,1.0000,bert
P29590,P04637,1.0000,bert
P29590,P38398,1.0000,bert
P29590,Q8TDQ0,1.0000,bert
P29590,P17809,1.0000,bert
P29590,Q8NFD5,1.0000,bert
P29590,P21860,1.0000,bert
P29590,Q14457,1.0000,bert
P29590,O15520,1.0000,bert
P29590,Q91ZM2,1.0000,bert
P29590,P16410,1.0000,bert
P29590,P18627,1.0000,bert
P29590,O43741,1.0000,bert
P29590,P08922,1.0000,bert
P29590,Q969H0,1.0000,bert
P29590,Q6VAB6,1.0000,bert
P29590,Q13426,1.0000,bert
P29590,Q9UBC3,1.0000,bert
P29590,P32120,1.0000,bert
P29590,P42082,1.0000,bert
P29590,P00533,1.0000,bert
Q9UQ84,P04637,1.0000,bert
Q9UQ84,P38398,1.0000,bert
Q9UQ84,Q8TDQ0,1.0000,bert
Q9UQ84,P17809,1.0000,bert
Q9UQ84,Q8NFD5,1.0000,bert
Q9UQ84,P21860,1.0000,bert
Q9UQ84,Q14457,1.0000,bert
Q9UQ84,O15520,1.0000,bert
Q9UQ84,Q91ZM2,1.0000,bert
Q9UQ84,P16410,1.0000,bert
Q9UQ84,P18627,1.0000,bert
Q9UQ84,O43741,1.0000,bert
Q9UQ84,P08922,1.0000,bert
Q9UQ84,Q969H0,1.0000,bert
Q9UQ84,Q6VAB6,1.0000,bert
Q9UQ84,Q13426,1.0000,bert
Q9UQ84,Q9UBC3,1.0000,bert
Q9UQ84,P32120,1.0000,bert
Q9UQ84,P42082,1.0000,bert
Q9UQ84,P00533,1.0000,bert
Q99ZW2,P04637,1.0000,bert
Q99ZW2,P38398,1.0000,bert
Q99ZW2,Q8TDQ0,1.0000,bert
Q99ZW2,P17809,1.0000,bert
Q99ZW2,Q8NFD5,1.0000,bert
Q99ZW2,P21860,1.0000,bert
Q99ZW2,Q14457,1.0000,bert
Q99ZW2,O15520,1.0000,bert
Q99ZW2,Q91ZM2,1.0000,bert
Q99ZW2,P16410,1.0000,bert
Q99ZW2,P18627,1.0000,bert
Q99ZW2,O43741,1.0000,bert
Q99ZW2,P08922,1.0000,bert
Q99ZW2,Q969H0,1.0000,bert
Q99ZW2,Q6VAB6,1.0000,bert
Q99ZW2,Q13426,1.0000,bert
Q99ZW2,Q9UBC3,1.0000,bert
Q99ZW2,P32120,1.0000,bert
Q99ZW2,P42082,1.0000,bert
Q99ZW2,P00533,1.0000,bert
Q9NW38,P04637,1.0000,bert
Q9NW38,P38398,1.0000,bert
Q9NW38,Q8TDQ0,1.0000,bert
Q9NW38,P17809,1.0000,bert
Q9NW38,Q8NFD5,1.0000,bert
Q9NW38,P21860,1.0000,bert
Q9NW38,Q14457,1.0000,bert
Q9NW38,O15520,1.0000,bert
Q9NW38,Q91ZM2,1.0000,bert
Q9NW38,P16410,1.0000,bert
Q9NW38,P18627,1.0000,bert
Q9NW38,O43741,1.0000,bert
Q9NW38,P08922,1.0000,bert
Q9NW38,Q969H0,1.0000,bert
Q9NW38,Q6VAB6,1.0000,bert
Q9NW38,Q13426,1.0000,bert
Q9NW38,Q9UBC3,1.0000,bert
Q9NW38,P32120,1.0000,bert
Q9NW38,P42082,1.0000,bert
Q9NW38,P00533,1.0000,bert
A0Q7Q2,P04637,1.0000,bert
A0Q7Q2,P38398,1.0000,bert
A0Q7Q2,Q8TDQ0,1.0000,bert
A0Q7Q2,P17809,1.0000,bert
A0Q7Q2,Q8NFD5,1.0000,bert
A0Q7Q2,P21860,1.0000,bert
A0Q7Q2,Q14457,1.0000,bert
A0Q7Q2,O15520,1.0000,bert
A0Q7Q2,Q91ZM2,1.0000,bert
A0Q7Q2,P16410,1.0000,bert
A0Q7Q2,P18627,1.0000,bert
A0Q7Q2,O43741,1.0000,bert
A0Q7Q2,P08922,1.0000,bert
A0Q7Q2,Q969H0,1.0000,bert
A0Q7Q2,Q6VAB6,1.0000,bert
A0Q7Q2,Q13426,1.0000,bert
A0Q7Q2,Q9UBC3,1.0000,bert
A0Q7Q2,P32120,1.0000,bert
A0Q7Q2,P42082,1.0000,bert
A0Q7Q2,P00533,1.0000,bert
P01730,P04637,1.0000,bert
P01730,P38398,1.0000,bert
P01730,Q8TDQ0,1.0000,bert
P01730,P17809,1.0000,bert
P01730,Q8NFD5,1.0000,bert
P01730,P21860,1.0000,bert
P01730,Q14457,1.0000,bert
P01730,O15520,1.0000,bert
P01730,Q91ZM2,1.0000,bert
P01730,P16410,1.0000,bert
P01730,P18627,1.0000,bert
P01730,O43741,1.0000,bert
P01730,P08922,1.0000,bert
P01730,Q969H0,1.0000,bert
P01730,Q6VAB6,1.0000,bert
P01730,Q13426,1.0000,bert
P01730,Q9UBC3,1.0000,bert
P01730,P32120,1.0000,bert
P01730,P42082,1.0000,bert
P01730,P00533,1.0000,bert
P37231,P04637,1.0000,bert
P37231,P38398,1.0000,bert
P37231,Q8TDQ0,1.0000,bert
P37231,P17809,1.0000,bert
P37231,Q8NFD5,1.0000,bert
P37231,P21860,1.0000,bert
P37231,Q14457,1.0000,bert
P37231,O15520,1.0000,bert
P37231,Q91ZM2,1.0000,bert
P37231,P16410,1.0000,bert
P37231,P18627,1.0000,bert
P37231,O43741,1.0000,bert
P37231,P08922,1.0000,bert
P37231,Q969H0,1.0000,bert
P37231,Q6VAB6,1.0000,bert
P37231,Q13426,1.0000,bert
P37231,Q9UBC3,1.0000,bert
P37231,P32120,1.0000,bert
P37231,P42082,1.0000,bert
P37231,P00533,1.0000,bert
Q92956,P04637,1.0000,bert
Q92956,P38398,1.0000,bert
Q92956,Q8TDQ0,1.0000,bert
Q92956,P17809,1.0000,bert
Q92956,Q8NFD5,1.0000,bert
Q92956,P21860,1.0000,bert
Q92956,Q14457,1.0000,bert
Q92956,O15520,1.0000,bert
Q92956,Q91ZM2,1.0000,bert
Q92956,P16410,1.0000,bert
Q92956,P18627,1.0000,bert
Q92956,O43741,1.0000,bert
Q92956,P08922,1.0000,bert
Q92956,Q969H0,1.0000,bert
Q92956,Q6VAB6,1.0000,bert
Q92956,Q13426,1.0000,bert
Q92956,Q9UBC3,1.0000,bert
Q92956,P32120,1.0000,bert
Q92956,P42082,1.0000,bert
Q92956,P00533,1.0000,bert
O88508,P04637,1.0000,bert
O88508,P38398,1.0000,bert
O88508,Q8TDQ0,1.0000,bert
O88508,P17809,1.0000,bert
O88508,Q8NFD5,1.0000,bert
O88508,P21860,1.0000,bert
O88508,Q14457,1.0000,bert
O88508,O15520,1.0000,bert
O88508,Q91ZM2,1.0000,bert
O88508,P16410,1.0000,bert
O88508,P18627,1.0000,bert
O88508,O43741,1.0000,bert
O88508,P08922,1.0000,bert
O88508,Q969H0,1.0000,bert
O88508,Q6VAB6,1.0000,bert
O88508,Q13426,1.0000,bert
O88508,Q9UBC3,1.0000,bert
O88508,P32120,1.0000,bert
O88508,P42082,1.0000,bert
O88508,P00533,1.0000,bert
P24063,P04637,1.0000,bert
P24063,P38398,1.0000,bert
P24063,Q8TDQ0,1.0000,bert
P24063,P17809,1.0000,bert
P24063,Q8NFD5,1.0000,bert
P24063,P21860,1.0000,bert
P24063,Q14457,1.0000,bert
P24063,O15520,1.0000,bert
P24063,Q91ZM2,1.0000,bert
P24063,P16410,1.0000,bert
P24063,P18627,1.0000,bert
P24063,O43741,1.0000,bert
P24063,P08922,1.0000,bert
P24063,Q969H0,1.0000,bert
P24063,Q6VAB6,1.0000,bert
P24063,Q13426,1.0000,bert
P24063,Q9UBC3,1.0000,bert
P24063,P32120,1.0000,bert
P24063,P42082,1.0000,bert
P24063,P00533,1.0000,bert
P31941,P04637,1.0000,bert
P31941,P38398,1.0000,bert
P31941,Q8TDQ0,1.0000,bert
P31941,P17809,1.0000,bert
P31941,Q8NFD5,1.0000,bert
P31941,P21860,1.0000,bert
P31941,Q14457,1.0000,bert
P31941,O15520,1.0000,bert
P31941,Q91ZM2,1.0000,bert
P31941,P16410,1.0000,bert
P31941,P18627,1.0000,bert
P31941,O43741,1.0000,bert
P31941,P08922,1.0000,bert
P31941,Q969H0,1.0000,bert
P31941,Q6VAB6,1.0000,bert
P31941,Q13426,1.0000,bert
P31941,Q9UBC3,1.0000,bert
P31941,P32120,1.0000,bert
P31941,P42082,1.0000,bert
P31941,P00533,1.0000,bert
P08908,P04637,1.0000,bert
P08908,P38398,1.0000,bert
P08908,Q8TDQ0,1.0000,bert
P08908,P17809,1.0000,bert
P08908,Q8NFD5,1.0000,bert
P08908,P21860,1.0000,bert
P08908,Q14457,1.0000,bert
P08908,O15520,1.0000,bert
P08908,Q91ZM2,1.0000,bert
P08908,P16410,1.0000,bert
P08908,P18627,1.0000,bert
P08908,O43741,1.0000,bert
P08908,P08922,1.0000,bert
P08908,Q969H0,1.0000,bert
P08908,Q6VAB6,1.0000,bert
P08908,Q13426,1.0000,bert
P08908,Q9UBC3,1.0000,bert
P08908,P32120,1.0000,bert
P08908,P42082,1.0000,bert
P08908,P00533,1.0000,bert
Q13651,P04637,1.0000,bert
Q13651,P38398,1.0000,bert
Q13651,Q8TDQ0,1.0000,bert
Q13651,P17809,1.0000,bert
Q13651,Q8NFD5,1.0000,bert
Q13651,P21860,1.0000,bert
Q13651,Q14457,1.0000,bert
Q13651,O15520,1.0000,bert
Q13651,Q91ZM2,1.0000,bert
Q13651,P16410,1.0000,bert
Q13651,P18627,1.0000,bert
Q13651,O43741,1.0000,bert
Q13651,P08922,1.0000,bert
Q13651,Q969H0,1.0000,bert
Q13651,Q6VAB6,1.0000,bert
Q13651,Q13426,1.0000,bert
Q13651,Q9UBC3,1.0000,bert
Q13651,P32120,1.0000,bert
Q13651,P42082,1.0000,bert
Q13651,P00533,1.0000,bert
P63085,P04637,1.0000,bert
P63085,P38398,1.0000,bert
P63085,Q8TDQ0,1.0000,bert
P63085,P17809,1.0000,bert
P63085,Q8NFD5,1.0000,bert
P63085,P21860,1.0000,bert
P63085,Q14457,1.0000,bert
P63085,O15520,1.0000,bert
P63085,Q91ZM2,1.0000,bert
P63085,P16410,1.0000,bert
P63085,P18627,1.0000,bert
P63085,O43741,1.0000,bert
P63085,P08922,1.0000,bert
P63085,Q969H0,1.0000,bert
P63085,Q6VAB6,1.0000,bert
P63085,Q13426,1.0000,bert
P63085,Q9UBC3,1.0000,bert
P63085,P32120,1.0000,bert
P63085,P42082,1.0000,bert
P63085,P00533,1.0000,bert
P18031,P04637,1.0000,bert
P18031,P38398,1.0000,bert
P18031,Q8TDQ0,1.0000,bert
P18031,P17809,1.0000,bert
P18031,Q8NFD5,1.0000,bert
P18031,P21860,1.0000,bert
P18031,Q14457,1.0000,bert
P18031,O15520,1.0000,bert
P18031,Q91ZM2,1.0000,bert
P18031,P16410,1.0000,bert
P18031,P18627,1.0000,bert
P18031,O43741,1.0000,bert
P18031,P08922,1.0000,bert
P18031,Q969H0,1.0000,bert
P18031,Q6VAB6,1.0000,bert
P18031,Q13426,1.0000,bert
P18031,Q9UBC3,1.0000,bert
P18031,P32120,1.0000,bert
P18031,P42082,1.0000,bert
P18031,P00533,1.0000,bert
P35968,P04637,1.0000,bert
P35968,P38398,1.0000,bert
P35968,Q8TDQ0,1.0000,bert
P35968,P17809,1.0000,bert
P35968,Q8NFD5,1.0000,bert
P35968,P21860,1.0000,bert
P35968,Q14457,1.0000,bert
P35968,O15520,1.0000,bert
P35968,Q91ZM2,1.0000,bert
P35968,P16410,1.0000,bert
P35968,P18627,1.0000,bert
P35968,O43741,1.0000,bert
P35968,P08922,1.0000,bert
P35968,Q969H0,1.0000,bert
P35968,Q6VAB6,1.0000,bert
P35968,Q13426,1.0000,bert
P35968,Q9UBC3,1.0000,bert
P35968,P32120,1.0000,bert
P35968,P42082,1.0000,bert
P35968,P00533,1.0000,bert
Q9JK91,P04637,1.0000,bert
Q9JK91,P38398,1.0000,bert
Q9JK91,Q8TDQ0,1.0000,bert
Q9JK91,P17809,1.0000,bert
Q9JK91,Q8NFD5,1.0000,bert
Q9JK91,P21860,1.0000,bert
Q9JK91,Q14457,1.0000,bert
Q9JK91,O15520,1.0000,bert
Q9JK91,Q91ZM2,1.0000,bert
Q9JK91,P16410,1.0000,bert
Q9JK91,P18627,1.0000,bert
Q9JK91,O43741,1.0000,bert
Q9JK91,P08922,1.0000,bert
Q9JK91,Q969H0,1.0000,bert
Q9JK91,Q6VAB6,1.0000,bert
Q9JK91,Q13426,1.0000,bert
Q9JK91,Q9UBC3,1.0000,bert
Q9JK91,P32120,1.0000,bert
Q9JK91,P42082,1.0000,bert
Q9JK91,P00533,1.0000,bert
Q9BT67,P04637,1.0000,bert
Q9BT67,P38398,1.0000,bert
Q9BT67,Q8TDQ0,1.0000,bert
Q9BT67,P17809,1.0000,bert
Q9BT67,Q8NFD5,1.0000,bert
Q9BT67,P21860,1.0000,bert
Q9BT67,Q14457,1.0000,bert
Q9BT67,O15520,1.0000,bert
Q9BT67,Q91ZM2,1.0000,bert
Q9BT67,P16410,1.0000,bert
Q9BT67,P18627,1.0000,bert
Q9BT67,O43741,1.0000,bert
Q9BT67,P08922,1.0000,bert
Q9BT67,Q969H0,1.0000,bert
Q9BT67,Q6VAB6,1.0000,bert
Q9BT67,Q13426,1.0000,bert
Q9BT67,Q9UBC3,1.0000,bert
Q9BT67,P32120,1.0000,bert
Q9BT67,P42082,1.0000,bert
Q9BT67,P00533,1.0000,bert
P25847,P04637,1.0000,bert
P25847,P38398,1.0000,bert
P25847,Q8TDQ0,1.0000,bert
P25847,P17809,1.0000,bert
P25847,Q8NFD5,1.0000,bert
P25847,P21860,1.0000,bert
P25847,Q14457,1.0000,bert
P25847,O15520,1.0000,bert
P25847,Q91ZM2,1.0000,bert
P25847,P16410,1.0000,bert
P25847,P18627,1.0000,bert
P25847,O43741,1.0000,bert
P25847,P08922,1.0000,bert
P25847,Q969H0,1.0000,bert
P25847,Q6VAB6,1.0000,bert
P25847,Q13426,1.0000,bert
P25847,Q9UBC3,1.0000,bert
P25847,P32120,1.0000,bert
P25847,P42082,1.0000,bert
P25847,P00533,1.0000,bert
O19064,P04637,1.0000,bert
O19064,P38398,1.0000,bert
O19064,Q8TDQ0,1.0000,bert
O19064,P17809,1.0000,bert
O19064,Q8NFD5,1.0000,bert
O19064,P21860,1.0000,bert
O19064,Q14457,1.0000,bert
O19064,O15520,1.0000,bert
O19064,Q91ZM2,1.0000,bert
O19064,P16410,1.0000,bert
O19064,P18627,1.0000,bert
O19064,O43741,1.0000,bert
O19064,P08922,1.0000,bert
O19064,Q969H0,1.0000,bert
O19064,Q6VAB6,1.0000,bert
O19064,Q13426,1.0000,bert
O19064,Q9UBC3,1.0000,bert
O19064,P32120,1.0000,bert
O19064,P42082,1.0000,bert
O19064,P00533,1.0000,bert
P07200,P04637,1.0000,bert
P07200,P38398,1.0000,bert
P07200,Q8TDQ0,1.0000,bert
P07200,P17809,1.0000,bert
P07200,Q8NFD5,1.0000,bert
P07200,P21860,1.0000,bert
P07200,Q14457,1.0000,bert
P07200,O15520,1.0000,bert
P07200,Q91ZM2,1.0000,bert
P07200,P16410,1.0000,bert
P07200,P18627,1.0000,bert
P07200,O43741,1.0000,bert
P07200,P08922,1.0000,bert
P07200,Q969H0,1.0000,bert
P07200,Q6VAB6,1.0000,bert
P07200,Q13426,1.0000,bert
P07200,Q9UBC3,1.0000,bert
P07200,P32120,1.0000,bert
P07200,P42082,1.0000,bert
P07200,P00533,1.0000,bert
P01579,P04637,1.0000,bert
P01579,P38398,1.0000,bert
P01579,Q8TDQ0,1.0000,bert
P01579,P17809,1.0000,bert
P01579,Q8NFD5,1.0000,bert
P01579,P21860,1.0000,bert
P01579,Q14457,1.0000,bert
P01579,O15520,1.0000,bert
P01579,Q91ZM2,1.0000,bert
P01579,P16410,1.0000,bert
P01579,P18627,1.0000,bert
P01579,O43741,1.0000,bert
P01579,P08922,1.0000,bert
P01579,Q969H0,1.0000,bert
P01579,Q6VAB6,1.0000,bert
P01579,Q13426,1.0000,bert
P01579,Q9UBC3,1.0000,bert
P01579,P32120,1.0000,bert
P01579,P42082,1.0000,bert
P01579,P00533,1.0000,bert
Q9ULV8,P04637,1.0000,bert
Q9ULV8,P38398,1.0000,bert
Q9ULV8,Q8TDQ0,1.0000,bert
Q9ULV8,P17809,1.0000,bert
Q9ULV8,Q8NFD5,1.0000,bert
Q9ULV8,P21860,1.0000,bert
Q9ULV8,Q14457,1.0000,bert
Q9ULV8,O15520,1.0000,bert
Q9ULV8,Q91ZM2,1.0000,bert
Q9ULV8,P16410,1.0000,bert
Q9ULV8,P18627,1.0000,bert
Q9ULV8,O43741,1.0000,bert
Q9ULV8,P08922,1.0000,bert
Q9ULV8,Q969H0,1.0000,bert
Q9ULV8,Q6VAB6,1.0000,bert
Q9ULV8,Q13426,1.0000,bert
Q9ULV8,Q9UBC3,1.0000,bert
Q9ULV8,P32120,1.0000,bert
Q9ULV8,P42082,1.0000,bert
Q9ULV8,P00533,1.0000,bert
P42224,P04637,1.0000,bert
P42224,P38398,1.0000,bert
P42224,Q8TDQ0,1.0000,bert
P42224,P17809,1.0000,bert
P42224,Q8NFD5,1.0000,bert
P42224,P21860,1.0000,bert
P42224,Q14457,1.0000,bert
P42224,O15520,1.0000,bert
P42224,Q91ZM2,1.0000,bert
P42224,P16410,1.0000,bert
P42224,P18627,1.0000,bert
P42224,O43741,1.0000,bert
P42224,P08922,1.0000,bert
P42224,Q969H0,1.0000,bert
P42224,Q6VAB6,1.0000,bert
P42224,Q13426,1.0000,bert
P42224,Q9UBC3,1.0000,bert
P42224,P32120,1.0000,bert
P42224,P42082,1.0000,bert
P42224,P00533,1.0000,bert
P35372,P04637,1.0000,bert
P35372,P38398,1.0000,bert
P35372,Q8TDQ0,1.0000,bert
P35372,P17809,1.0000,bert
P35372,Q8NFD5,1.0000,bert
P35372,P21860,1.0000,bert
P35372,Q14457,1.0000,bert
P35372,O15520,1.0000,bert
P35372,Q91ZM2,1.0000,bert
P35372,P16410,1.0000,bert
P35372,P18627,1.0000,bert
P35372,O43741,1.0000,bert
P35372,P08922,1.0000,bert
P35372,Q969H0,1.0000,bert
P35372,Q6VAB6,1.0000,bert
P35372,Q13426,1.0000,bert
P35372,Q9UBC3,1.0000,bert
P35372,P32120,1.0000,bert
P35372,P42082,1.0000,bert
P35372,P00533,1.0000,bert
Q8WXF8,P04637,1.0000,bert
Q8WXF8,P38398,1.0000,bert
Q8WXF8,Q8TDQ0,1.0000,bert
Q8WXF8,P17809,1.0000,bert
Q8WXF8,Q8NFD5,1.0000,bert
Q8WXF8,P21860,1.0000,bert
Q8WXF8,Q14457,1.0000,bert
Q8WXF8,O15520,1.0000,bert
Q8WXF8,Q91ZM2,1.0000,bert
Q8WXF8,P16410,1.0000,bert
Q8WXF8,P18627,1.0000,bert
Q8WXF8,O43741,1.0000,bert
Q8WXF8,P08922,1.0000,bert
Q8WXF8,Q969H0,1.0000,bert
Q8WXF8,Q6VAB6,1.0000,bert
Q8WXF8,Q13426,1.0000,bert
Q8WXF8,Q9UBC3,1.0000,bert
Q8WXF8,P32120,1.0000,bert
Q8WXF8,P42082,1.0000,bert
Q8WXF8,P00533,1.0000,bert
P23458,P04637,1.0000,bert
P23458,P38398,1.0000,bert
P23458,Q8TDQ0,1.0000,bert
P23458,P17809,1.0000,bert
P23458,Q8NFD5,1.0000,bert
P23458,P21860,1.0000,bert
P23458,Q14457,1.0000,bert
P23458,O15520,1.0000,bert
P23458,Q91ZM2,1.0000,bert
P23458,P16410,1.0000,bert
P23458,P18627,1.0000,bert
P23458,O43741,1.0000,bert
P23458,P08922,1.0000,bert
P23458,Q969H0,1.0000,bert
P23458,Q6VAB6,1.0000,bert
P23458,Q13426,1.0000,bert
P23458,Q9UBC3,1.0000,bert
P23458,P32120,1.0000,bert
P23458,P42082,1.0000,bert
P23458,P00533,1.0000,bert
Q6UWZ7,P04637,1.0000,bert
Q6UWZ7,P38398,1.0000,bert
Q6UWZ7,Q8TDQ0,1.0000,bert
Q6UWZ7,P17809,1.0000,bert
Q6UWZ7,Q8NFD5,1.0000,bert
Q6UWZ7,P21860,1.0000,bert
Q6UWZ7,Q14457,1.0000,bert
Q6UWZ7,O15520,1.0000,bert
Q6UWZ7,Q91ZM2,1.0000,bert
Q6UWZ7,P16410,1.0000,bert
Q6UWZ7,P18627,1.0000,bert
Q6UWZ7,O43741,1.0000,bert
Q6UWZ7,P08922,1.0000,bert
Q6UWZ7,Q969H0,1.0000,bert
Q6UWZ7,Q6VAB6,1.0000,bert
Q6UWZ7,Q13426,1.0000,bert
Q6UWZ7,Q9UBC3,1.0000,bert
Q6UWZ7,P32120,1.0000,bert
Q6UWZ7,P42082,1.0000,bert
Q6UWZ7,P00533,1.0000,bert
Q63844,P04637,1.0000,bert
Q63844,P38398,1.0000,bert
Q63844,Q8TDQ0,1.0000,bert
Q63844,P17809,1.0000,bert
Q63844,Q8NFD5,1.0000,bert
Q63844,P21860,1.0000,bert
Q63844,Q14457,1.0000,bert
Q63844,O15520,1.0000,bert
Q63844,Q91ZM2,1.0000,bert
Q63844,P16410,1.0000,bert
Q63844,P18627,1.0000,bert
Q63844,O43741,1.0000,bert
Q63844,P08922,1.0000,bert
Q63844,Q969H0,1.0000,bert
Q63844,Q6VAB6,1.0000,bert
Q63844,Q13426,1.0000,bert
Q63844,Q9UBC3,1.0000,bert
Q63844,P32120,1.0000,bert
Q63844,P42082,1.0000,bert
Q63844,P00533,1.0000,bert
P01112,P04637,1.0000,bert
P01112,P38398,1.0000,bert
P01112,Q8TDQ0,1.0000,bert
P01112,P17809,1.0000,bert
P01112,Q8NFD5,1.0000,bert
P01112,P21860,1.0000,bert
P01112,Q14457,1.0000,bert
P01112,O15520,1.0000,bert
P01112,Q91ZM2,1.0000,bert
P01112,P16410,1.0000,bert
P01112,P18627,1.0000,bert
P01112,O43741,1.0000,bert
P01112,P08922,1.0000,bert
P01112,Q969H0,1.0000,bert
P01112,Q6VAB6,1.0000,bert
P01112,Q13426,1.0000,bert
P01112,Q9UBC3,1.0000,bert
P01112,P32120,1.0000,bert
P01112,P42082,1.0000,bert
P01112,P00533,1.0000,bert
P14672,P04637,1.0000,bert
P14672,P38398,1.0000,bert
P14672,Q8TDQ0,1.0000,bert
P14672,P17809,1.0000,bert
P14672,Q8NFD5,1.0000,bert
P14672,P21860,1.0000,bert
P14672,Q14457,1.0000,bert
P14672,O15520,1.0000,bert
P14672,Q91ZM2,1.0000,bert
P14672,P16410,1.0000,bert
P14672,P18627,1.0000,bert
P14672,O43741,1.0000,bert
P14672,P08922,1.0000,bert
P14672,Q969H0,1.0000,bert
P14672,Q6VAB6,1.0000,bert
P14672,Q13426,1.0000,bert
P14672,Q9UBC3,1.0000,bert
P14672,P32120,1.0000,bert
P14672,P42082,1.0000,bert
P14672,P00533,1.0000,bert
P04351,P04637,1.0000,bert
P04351,P38398,1.0000,bert
P04351,Q8TDQ0,1.0000,bert
P04351,P17809,1.0000,bert
P04351,Q8NFD5,1.0000,bert
P04351,P21860,1.0000,bert
P04351,Q14457,1.0000,bert
P04351,O15520,1.0000,bert
P04351,Q91ZM2,1.0000,bert
P04351,P16410,1.0000,bert
P04351,P18627,1.0000,bert
P04351,O43741,1.0000,bert
P04351,P08922,1.0000,bert
P04351,Q969H0,1.0000,bert
P04351,Q6VAB6,1.0000,bert
P04351,Q13426,1.0000,bert
P04351,Q9UBC3,1.0000,bert
P04351,P32120,1.0000,bert
P04351,P42082,1.0000,bert
P04351,P00533,1.0000,bert
P19793,P04637,1.0000,bert
P19793,P38398,1.0000,bert
P19793,Q8TDQ0,1.0000,bert
P19793,P17809,1.0000,bert
P19793,Q8NFD5,1.0000,bert
P19793,P21860,1.0000,bert
P19793,Q14457,1.0000,bert
P19793,O15520,1.0000,bert
P19793,Q91ZM2,1.0000,bert
P19793,P16410,1.0000,bert
P19793,P18627,1.0000,bert
P19793,O43741,1.0000,bert
P19793,P08922,1.0000,bert
P19793,Q969H0,1.0000,bert
P19793,Q6VAB6,1.0000,bert
P19793,Q13426,1.0000,bert
P19793,Q9UBC3,1.0000,bert
P19793,P32120,1.0000,bert
P19793,P42082,1.0000,bert
P19793,P00533,1.0000,bert
Q02242,P04637,1.0000,bert
Q02242,P38398,1.0000,bert
Q02242,Q8TDQ0,1.0000,bert
Q02242,P17809,1.0000,bert
Q02242,Q8NFD5,1.0000,bert
Q02242,P21860,1.0000,bert
Q02242,Q14457,1.0000,bert
Q02242,O15520,1.0000,bert
Q02242,Q91ZM2,1.0000,bert
Q02242,P16410,1.0000,bert
Q02242,P18627,1.0000,bert
Q02242,O43741,1.0000,bert
Q02242,P08922,1.0000,bert
Q02242,Q969H0,1.0000,bert
Q02242,Q6VAB6,1.0000,bert
Q02242,Q13426,1.0000,bert
Q02242,Q9UBC3,1.0000,bert
Q02242,P32120,1.0000,bert
Q02242,P42082,1.0000,bert
Q02242,P00533,1.0000,bert
P63103,P04637,1.0000,bert
P63103,P38398,1.0000,bert
P63103,Q8TDQ0,1.0000,bert
P63103,P17809,1.0000,bert
P63103,Q8NFD5,1.0000,bert
P63103,P21860,1.0000,bert
P63103,Q14457,1.0000,bert
P63103,O15520,1.0000,bert
P63103,Q91ZM2,1.0000,bert
P63103,P16410,1.0000,bert
P63103,P18627,1.0000,bert
P63103,O43741,1.0000,bert
P63103,P08922,1.0000,bert
P63103,Q969H0,1.0000,bert
P63103,Q6VAB6,1.0000,bert
P63103,Q13426,1.0000,bert
P63103,Q9UBC3,1.0000,bert
P63103,P32120,1.0000,bert
P63103,P42082,1.0000,bert
P63103,P00533,1.0000,bert
Q01237,P04637,1.0000,bert
Q01237,P38398,1.0000,bert
Q01237,Q8TDQ0,1.0000,bert
Q01237,P17809,1.0000,bert
Q01237,Q8NFD5,1.0000,bert
Q01237,P21860,1.0000,bert
Q01237,Q14457,1.0000,bert
Q01237,O15520,1.0000,bert
Q01237,Q91ZM2,1.0000,bert
Q01237,P16410,1.0000,bert
Q01237,P18627,1.0000,bert
Q01237,O43741,1.0000,bert
Q01237,P08922,1.0000,bert
Q01237,Q969H0,1.0000,bert
Q01237,Q6VAB6,1.0000,bert
Q01237,Q13426,1.0000,bert
Q01237,Q9UBC3,1.0000,bert
Q01237,P32120,1.0000,bert
Q01237,P42082,1.0000,bert
Q01237,P00533,1.0000,bert
Q9UQ13,P04637,1.0000,bert
Q9UQ13,P38398,1.0000,bert
Q9UQ13,Q8TDQ0,1.0000,bert
Q9UQ13,P17809,1.0000,bert
Q9UQ13,Q8NFD5,1.0000,bert
Q9UQ13,P21860,1.0000,bert
Q9UQ13,Q14457,1.0000,bert
Q9UQ13,O15520,1.0000,bert
Q9UQ13,Q91ZM2,1.0000,bert
Q9UQ13,P16410,1.0000,bert
Q9UQ13,P18627,1.0000,bert
Q9UQ13,O43741,1.0000,bert
Q9UQ13,P08922,1.0000,bert
Q9UQ13,Q969H0,1.0000,bert
Q9UQ13,Q6VAB6,1.0000,bert
Q9UQ13,Q13426,1.0000,bert
Q9UQ13,Q9UBC3,1.0000,bert
Q9UQ13,P32120,1.0000,bert
Q9UQ13,P42082,1.0000,bert
Q9UQ13,P00533,1.0000,bert
Q7Z2E3,P04637,1.0000,bert
Q7Z2E3,P38398,1.0000,bert
Q7Z2E3,Q8TDQ0,1.0000,bert
Q7Z2E3,P17809,1.0000,bert
Q7Z2E3,Q8NFD5,1.0000,bert
Q7Z2E3,P21860,1.0000,bert
Q7Z2E3,Q14457,1.0000,bert
Q7Z2E3,O15520,1.0000,bert
Q7Z2E3,Q91ZM2,1.0000,bert
Q7Z2E3,P16410,1.0000,bert
Q7Z2E3,P18627,1.0000,bert
Q7Z2E3,O43741,1.0000,bert
Q7Z2E3,P08922,1.0000,bert
Q7Z2E3,Q969H0,1.0000,bert
Q7Z2E3,Q6VAB6,1.0000,bert
Q7Z2E3,Q13426,1.0000,bert
Q7Z2E3,Q9UBC3,1.0000,bert
Q7Z2E3,P32120,1.0000,bert
Q7Z2E3,P42082,1.0000,bert
Q7Z2E3,P00533,1.0000,bert
P61964,P04637,1.0000,bert
P61964,P38398,1.0000,bert
P61964,Q8TDQ0,1.0000,bert
P61964,P17809,1.0000,bert
P61964,Q8NFD5,1.0000,bert
P61964,P21860,1.0000,bert
P61964,Q14457,1.0000,bert
P61964,O15520,1.0000,bert
P61964,Q91ZM2,1.0000,bert
P61964,P16410,1.0000,bert
P61964,P18627,1.0000,bert
P61964,O43741,1.0000,bert
P61964,P08922,1.0000,bert
P61964,Q969H0,1.0000,bert
P61964,Q6VAB6,1.0000,bert
P61964,Q13426,1.0000,bert
P61964,Q9UBC3,1.0000,bert
P61964,P32120,1.0000,bert
P61964,P42082,1.0000,bert
P61964,P00533,1.0000,bert
P43351,P04637,1.0000,bert
P43351,P38398,1.0000,bert
P43351,Q8TDQ0,1.0000,bert
P43351,P17809,1.0000,bert
P43351,Q8NFD5,1.0000,bert
P43351,P21860,1.0000,bert
P43351,Q14457,1.0000,bert
P43351,O15520,1.0000,bert
P43351,Q91ZM2,1.0000,bert
P43351,P16410,1.0000,bert
P43351,P18627,1.0000,bert
P43351,O43741,1.0000,bert
P43351,P08922,1.0000,bert
P43351,Q969H0,1.0000,bert
P43351,Q6VAB6,1.0000,bert
P43351,Q13426,1.0000,bert
P43351,Q9UBC3,1.0000,bert
P43351,P32120,1.0000,bert
P43351,P42082,1.0000,bert
P43351,P00533,1.0000,bert
P52333,P04637,1.0000,bert
P52333,P38398,1.0000,bert
P52333,Q8TDQ0,1.0000,bert
P52333,P17809,1.0000,bert
P52333,Q8NFD5,1.0000,bert
P52333,P21860,1.0000,bert
P52333,Q14457,1.0000,bert
P52333,O15520,1.0000,bert
P52333,Q91ZM2,1.0000,bert
P52333,P16410,1.0000,bert
P52333,P18627,1.0000,bert
P52333,O43741,1.0000,bert
P52333,P08922,1.0000,bert
P52333,Q969H0,1.0000,bert
P52333,Q6VAB6,1.0000,bert
P52333,Q13426,1.0000,bert
P52333,Q9UBC3,1.0000,bert
P52333,P32120,1.0000,bert
P52333,P42082,1.0000,bert
P52333,P00533,1.0000,bert
P08069,P04637,1.0000,bert
P08069,P38398,1.0000,bert
P08069,Q8TDQ0,1.0000,bert
P08069,P17809,1.0000,bert
P08069,Q8NFD5,1.0000,bert
P08069,P21860,1.0000,bert
P08069,Q14457,1.0000,bert
P08069,O15520,1.0000,bert
P08069,Q91ZM2,1.0000,bert
P08069,P16410,1.0000,bert
P08069,P18627,1.0000,bert
P08069,O43741,1.0000,bert
P08069,P08922,1.0000,bert
P08069,Q969H0,1.0000,bert
P08069,Q6VAB6,1.0000,bert
P08069,Q13426,1.0000,bert
P08069,Q9UBC3,1.0000,bert
P08069,P32120,1.0000,bert
P08069,P42082,1.0000,bert
P08069,P00533,1.0000,bert
P01731,P04637,1.0000,bert
P01731,P38398,1.0000,bert
P01731,Q8TDQ0,1.0000,bert
P01731,P17809,1.0000,bert
P01731,Q8NFD5,1.0000,bert
P01731,P21860,1.0000,bert
P01731,Q14457,1.0000,bert
P01731,O15520,1.0000,bert
P01731,Q91ZM2,1.0000,bert
P01731,P16410,1.0000,bert
P01731,P18627,1.0000,bert
P01731,O43741,1.0000,bert
P01731,P08922,1.0000,bert
P01731,Q969H0,1.0000,bert
P01731,Q6VAB6,1.0000,bert
P01731,Q13426,1.0000,bert
P01731,Q9UBC3,1.0000,bert
P01731,P32120,1.0000,bert
P01731,P42082,1.0000,bert
P01731,P00533,1.0000,bert
Q921E6,P04637,1.0000,bert
Q921E6,P38398,1.0000,bert
Q921E6,Q8TDQ0,1.0000,bert
Q921E6,P17809,1.0000,bert
Q921E6,Q8NFD5,1.0000,bert
Q921E6,P21860,1.0000,bert
Q921E6,Q14457,1.0000,bert
Q921E6,O15520,1.0000,bert
Q921E6,Q91ZM2,1.0000,bert
Q921E6,P16410,1.0000,bert
Q921E6,P18627,1.0000,bert
Q921E6,O43741,1.0000,bert
Q921E6,P08922,1.0000,bert
Q921E6,Q969H0,1.0000,bert
Q921E6,Q6VAB6,1.0000,bert
Q921E6,Q13426,1.0000,bert
Q921E6,Q9UBC3,1.0000,bert
Q921E6,P32120,1.0000,bert
Q921E6,P42082,1.0000,bert
Q921E6,P00533,1.0000,bert
P10415,P04637,1.0000,bert
P10415,P38398,1.0000,bert
P10415,Q8TDQ0,1.0000,bert
P10415,P17809,1.0000,bert
P10415,Q8NFD5,1.0000,bert
P10415,P21860,1.0000,bert
P10415,Q14457,1.0000,bert
P10415,O15520,1.0000,bert
P10415,Q91ZM2,1.0000,bert
P10415,P16410,1.0000,bert
P10415,P18627,1.0000,bert
P10415,O43741,1.0000,bert
P10415,P08922,1.0000,bert
P10415,Q969H0,1.0000,bert
P10415,Q6VAB6,1.0000,bert
P10415,Q13426,1.0000,bert
P10415,Q9UBC3,1.0000,bert
P10415,P32120,1.0000,bert
P10415,P42082,1.0000,bert
P10415,P00533,1.0000,bert
Q96B67,P04637,1.0000,bert
Q96B67,P38398,1.0000,bert
Q96B67,Q8TDQ0,1.0000,bert
Q96B67,P17809,1.0000,bert
Q96B67,Q8NFD5,1.0000,bert
Q96B67,P21860,1.0000,bert
Q96B67,Q14457,1.0000,bert
Q96B67,O15520,1.0000,bert
Q96B67,Q91ZM2,1.0000,bert
Q96B67,P16410,1.0000,bert
Q96B67,P18627,1.0000,bert
Q96B67,O43741,1.0000,bert
Q96B67,P08922,1.0000,bert
Q96B67,Q969H0,1.0000,bert
Q96B67,Q6VAB6,1.0000,bert
Q96B67,Q13426,1.0000,bert
Q96B67,Q9UBC3,1.0000,bert
Q96B67,P32120,1.0000,bert
Q96B67,P42082,1.0000,bert
Q96B67,P00533,1.0000,bert
P08887,P04637,1.0000,bert
P08887,P38398,1.0000,bert
P08887,Q8TDQ0,1.0000,bert
P08887,P17809,1.0000,bert
P08887,Q8NFD5,1.0000,bert
P08887,P21860,1.0000,bert
P08887,Q14457,1.0000,bert
P08887,O15520,1.0000,bert
P08887,Q91ZM2,1.0000,bert
P08887,P16410,1.0000,bert
P08887,P18627,1.0000,bert
P08887,O43741,1.0000,bert
P08887,P08922,1.0000,bert
P08887,Q969H0,1.0000,bert
P08887,Q6VAB6,1.0000,bert
P08887,Q13426,1.0000,bert
P08887,Q9UBC3,1.0000,bert
P08887,P32120,1.0000,bert
P08887,P42082,1.0000,bert
P08887,P00533,1.0000,bert
P08588,P04637,1.0000,bert
P08588,P38398,1.0000,bert
P08588,Q8TDQ0,1.0000,bert
P08588,P17809,1.0000,bert
P08588,Q8NFD5,1.0000,bert
P08588,P21860,1.0000,bert
P08588,Q14457,1.0000,bert
P08588,O15520,1.0000,bert
P08588,Q91ZM2,1.0000,bert
P08588,P16410,1.0000,bert
P08588,P18627,1.0000,bert
P08588,O43741,1.0000,bert
P08588,P08922,1.0000,bert
P08588,Q969H0,1.0000,bert
P08588,Q6VAB6,1.0000,bert
P08588,Q13426,1.0000,bert
P08588,Q9UBC3,1.0000,bert
P08588,P32120,1.0000,bert
P08588,P42082,1.0000,bert
P08588,P00533,1.0000,bert
P51682,P04637,1.0000,bert
P51682,P38398,1.0000,bert
P51682,Q8TDQ0,1.0000,bert
P51682,P17809,1.0000,bert
P51682,Q8NFD5,1.0000,bert
P51682,P21860,1.0000,bert
P51682,Q14457,1.0000,bert
P51682,O15520,1.0000,bert
P51682,Q91ZM2,1.0000,bert
P51682,P16410,1.0000,bert
P51682,P18627,1.0000,bert
P51682,O43741,1.0000,bert
P51682,P08922,1.0000,bert
P51682,Q969H0,1.0000,bert
P51682,Q6VAB6,1.0000,bert
P51682,Q13426,1.0000,bert
P51682,Q9UBC3,1.0000,bert
P51682,P32120,1.0000,bert
P51682,P42082,1.0000,bert
P51682,P00533,1.0000,bert
O08530,P04637,1.0000,bert
O08530,P38398,1.0000,bert
O08530,Q8TDQ0,1.0000,bert
O08530,P17809,1.0000,bert
O08530,Q8NFD5,1.0000,bert
O08530,P21860,1.0000,bert
O08530,Q14457,1.0000,bert
O08530,O15520,1.0000,bert
O08530,Q91ZM2,1.0000,bert
O08530,P16410,1.0000,bert
O08530,P18627,1.0000,bert
O08530,O43741,1.0000,bert
O08530,P08922,1.0000,bert
O08530,Q969H0,1.0000,bert
O08530,Q6VAB6,1.0000,bert
O08530,Q13426,1.0000,bert
O08530,Q9UBC3,1.0000,bert
O08530,P32120,1.0000,bert
O08530,P42082,1.0000,bert
O08530,P00533,1.0000,bert
P15151,P04637,1.0000,bert
P15151,P38398,1.0000,bert
P15151,Q8TDQ0,1.0000,bert
P15151,P17809,1.0000,bert
P15151,Q8NFD5,1.0000,bert
P15151,P21860,1.0000,bert
P15151,Q14457,1.0000,bert
P15151,O15520,1.0000,bert
P15151,Q91ZM2,1.0000,bert
P15151,P16410,1.0000,bert
P15151,P18627,1.0000,bert
P15151,O43741,1.0000,bert
P15151,P08922,1.0000,bert
P15151,Q969H0,1.0000,bert
P15151,Q6VAB6,1.0000,bert
P15151,Q13426,1.0000,bert
P15151,Q9UBC3,1.0000,bert
P15151,P32120,1.0000,bert
P15151,P42082,1.0000,bert
P15151,P00533,1.0000,bert
O15527,P04637,1.0000,bert
O15527,P38398,1.0000,bert
O15527,Q8TDQ0,1.0000,bert
O15527,P17809,1.0000,bert
O15527,Q8NFD5,1.0000,bert
O15527,P21860,1.0000,bert
O15527,Q14457,1.0000,bert
O15527,O15520,1.0000,bert
O15527,Q91ZM2,1.0000,bert
O15527,P16410,1.0000,bert
O15527,P18627,1.0000,bert
O15527,O43741,1.0000,bert
O15527,P08922,1.0000,bert
O15527,Q969H0,1.0000,bert
O15527,Q6VAB6,1.0000,bert
O15527,Q13426,1.0000,bert
O15527,Q9UBC3,1.0000,bert
O15527,P32120,1.0000,bert
O15527,P42082,1.0000,bert
O15527,P00533,1.0000,bert
P42337,P04637,1.0000,bert
P42337,P38398,1.0000,bert
P42337,Q8TDQ0,1.0000,bert
P42337,P17809,1.0000,bert
P42337,Q8NFD5,1.0000,bert
P42337,P21860,1.0000,bert
P42337,Q14457,1.0000,bert
P42337,O15520,1.0000,bert
P42337,Q91ZM2,1.0000,bert
P42337,P16410,1.0000,bert
P42337,P18627,1.0000,bert
P42337,O43741,1.0000,bert
P42337,P08922,1.0000,bert
P42337,Q969H0,1.0000,bert
P42337,Q6VAB6,1.0000,bert
P42337,Q13426,1.0000,bert
P42337,Q9UBC3,1.0000,bert
P42337,P32120,1.0000,bert
P42337,P42082,1.0000,bert
P42337,P00533,1.0000,bert
Q86YC2,P04637,1.0000,bert
Q86YC2,P38398,1.0000,bert
Q86YC2,Q8TDQ0,1.0000,bert
Q86YC2,P17809,1.0000,bert
Q86YC2,Q8NFD5,1.0000,bert
Q86YC2,P21860,1.0000,bert
Q86YC2,Q14457,1.0000,bert
Q86YC2,O15520,1.0000,bert
Q86YC2,Q91ZM2,1.0000,bert
Q86YC2,P16410,1.0000,bert
Q86YC2,P18627,1.0000,bert
Q86YC2,O43741,1.0000,bert
Q86YC2,P08922,1.0000,bert
Q86YC2,Q969H0,1.0000,bert
Q86YC2,Q6VAB6,1.0000,bert
Q86YC2,Q13426,1.0000,bert
Q86YC2,Q9UBC3,1.0000,bert
Q86YC2,P32120,1.0000,bert
Q86YC2,P42082,1.0000,bert
Q86YC2,P00533,1.0000,bert
Q9H9Q4,P04637,1.0000,bert
Q9H9Q4,P38398,1.0000,bert
Q9H9Q4,Q8TDQ0,1.0000,bert
Q9H9Q4,P17809,1.0000,bert
Q9H9Q4,Q8NFD5,1.0000,bert
Q9H9Q4,P21860,1.0000,bert
Q9H9Q4,Q14457,1.0000,bert
Q9H9Q4,O15520,1.0000,bert
Q9H9Q4,Q91ZM2,1.0000,bert
Q9H9Q4,P16410,1.0000,bert
Q9H9Q4,P18627,1.0000,bert
Q9H9Q4,O43741,1.0000,bert
Q9H9Q4,P08922,1.0000,bert
Q9H9Q4,Q969H0,1.0000,bert
Q9H9Q4,Q6VAB6,1.0000,bert
Q9H9Q4,Q13426,1.0000,bert
Q9H9Q4,Q9UBC3,1.0000,bert
Q9H9Q4,P32120,1.0000,bert
Q9H9Q4,P42082,1.0000,bert
Q9H9Q4,P00533,1.0000,bert
O14757,P04637,1.0000,bert
O14757,P38398,1.0000,bert
O14757,Q8TDQ0,1.0000,bert
O14757,P17809,1.0000,bert
O14757,Q8NFD5,1.0000,bert
O14757,P21860,1.0000,bert
O14757,Q14457,1.0000,bert
O14757,O15520,1.0000,bert
O14757,Q91ZM2,1.0000,bert
O14757,P16410,1.0000,bert
O14757,P18627,1.0000,bert
O14757,O43741,1.0000,bert
O14757,P08922,1.0000,bert
O14757,Q969H0,1.0000,bert
O14757,Q6VAB6,1.0000,bert
O14757,Q13426,1.0000,bert
O14757,Q9UBC3,1.0000,bert
O14757,P32120,1.0000,bert
O14757,P42082,1.0000,bert
O14757,P00533,1.0000,bert
Q9BPZ7,P04637,1.0000,bert
Q9BPZ7,P38398,1.0000,bert
Q9BPZ7,Q8TDQ0,1.0000,bert
Q9BPZ7,P17809,1.0000,bert
Q9BPZ7,Q8NFD5,1.0000,bert
Q9BPZ7,P21860,1.0000,bert
Q9BPZ7,Q14457,1.0000,bert
Q9BPZ7,O15520,1.0000,bert
Q9BPZ7,Q91ZM2,1.0000,bert
Q9BPZ7,P16410,1.0000,bert
Q9BPZ7,P18627,1.0000,bert
Q9BPZ7,O43741,1.0000,bert
Q9BPZ7,P08922,1.0000,bert
Q9BPZ7,Q969H0,1.0000,bert
Q9BPZ7,Q6VAB6,1.0000,bert
Q9BPZ7,Q13426,1.0000,bert
Q9BPZ7,Q9UBC3,1.0000,bert
Q9BPZ7,P32120,1.0000,bert
Q9BPZ7,P42082,1.0000,bert
Q9BPZ7,P00533,1.0000,bert
Q9NZQ7,P04637,1.0000,bert
Q9NZQ7,P38398,1.0000,bert
Q9NZQ7,Q8TDQ0,1.0000,bert
Q9NZQ7,P17809,1.0000,bert
Q9NZQ7,Q8NFD5,1.0000,bert
Q9NZQ7,P21860,1.0000,bert
Q9NZQ7,Q14457,1.0000,bert
Q9NZQ7,O15520,1.0000,bert
Q9NZQ7,Q91ZM2,1.0000,bert
Q9NZQ7,P16410,1.0000,bert
Q9NZQ7,P18627,1.0000,bert
Q9NZQ7,O43741,1.0000,bert
Q9NZQ7,P08922,1.0000,bert
Q9NZQ7,Q969H0,1.0000,bert
Q9NZQ7,Q6VAB6,1.0000,bert
Q9NZQ7,Q13426,1.0000,bert
Q9NZQ7,Q9UBC3,1.0000,bert
Q9NZQ7,P32120,1.0000,bert
Q9NZQ7,P42082,1.0000,bert
Q9NZQ7,P00533,1.0000,bert
Q9HAW4,P04637,1.0000,bert
Q9HAW4,P38398,1.0000,bert
Q9HAW4,Q8TDQ0,1.0000,bert
Q9HAW4,P17809,1.0000,bert
Q9HAW4,Q8NFD5,1.0000,bert
Q9HAW4,P21860,1.0000,bert
Q9HAW4,Q14457,1.0000,bert
Q9HAW4,O15520,1.0000,bert
Q9HAW4,Q91ZM2,1.0000,bert
Q9HAW4,P16410,1.0000,bert
Q9HAW4,P18627,1.0000,bert
Q9HAW4,O43741,1.0000,bert
Q9HAW4,P08922,1.0000,bert
Q9HAW4,Q969H0,1.0000,bert
Q9HAW4,Q6VAB6,1.0000,bert
Q9HAW4,Q13426,1.0000,bert
Q9HAW4,Q9UBC3,1.0000,bert
Q9HAW4,P32120,1.0000,bert
Q9HAW4,P42082,1.0000,bert
Q9HAW4,P00533,1.0000,bert
P10747,P04637,1.0000,bert
P10747,P38398,1.0000,bert
P10747,Q8TDQ0,1.0000,bert
P10747,P17809,1.0000,bert
P10747,Q8NFD5,1.0000,bert
P10747,P21860,1.0000,bert
P10747,Q14457,1.0000,bert
P10747,O15520,1.0000,bert
P10747,Q91ZM2,1.0000,bert
P10747,P16410,1.0000,bert
P10747,P18627,1.0000,bert
P10747,O43741,1.0000,bert
P10747,P08922,1.0000,bert
P10747,Q969H0,1.0000,bert
P10747,Q6VAB6,1.0000,bert
P10747,Q13426,1.0000,bert
P10747,Q9UBC3,1.0000,bert
P10747,P32120,1.0000,bert
P10747,P42082,1.0000,bert
P10747,P00533,1.0000,bert
Q9BVC4,P04637,1.0000,bert
Q9BVC4,P38398,1.0000,bert
Q9BVC4,Q8TDQ0,1.0000,bert
Q9BVC4,P17809,1.0000,bert
Q9BVC4,Q8NFD5,1.0000,bert
Q9BVC4,P21860,1.0000,bert
Q9BVC4,Q14457,1.0000,bert
Q9BVC4,O15520,1.0000,bert
Q9BVC4,Q91ZM2,1.0000,bert
Q9BVC4,P16410,1.0000,bert
Q9BVC4,P18627,1.0000,bert
Q9BVC4,O43741,1.0000,bert
Q9BVC4,P08922,1.0000,bert
Q9BVC4,Q969H0,1.0000,bert
Q9BVC4,Q6VAB6,1.0000,bert
Q9BVC4,Q13426,1.0000,bert
Q9BVC4,Q9UBC3,1.0000,bert
Q9BVC4,P32120,1.0000,bert
Q9BVC4,P42082,1.0000,bert
Q9BVC4,P00533,1.0000,bert
P11836,P04637,1.0000,bert
P11836,P38398,1.0000,bert
P11836,Q8TDQ0,1.0000,bert
P11836,P17809,1.0000,bert
P11836,Q8NFD5,1.0000,bert
P11836,P21860,1.0000,bert
P11836,Q14457,1.0000,bert
P11836,O15520,1.0000,bert
P11836,Q91ZM2,1.0000,bert
P11836,P16410,1.0000,bert
P11836,P18627,1.0000,bert
P11836,O43741,1.0000,bert
P11836,P08922,1.0000,bert
P11836,Q969H0,1.0000,bert
P11836,Q6VAB6,1.0000,bert
P11836,Q13426,1.0000,bert
P11836,Q9UBC3,1.0000,bert
P11836,P32120,1.0000,bert
P11836,P42082,1.0000,bert
P11836,P00533,1.0000,bert
P42124,P04637,1.0000,bert
P42124,P38398,1.0000,bert
P42124,Q8TDQ0,1.0000,bert
P42124,P17809,1.0000,bert
P42124,Q8NFD5,1.0000,bert
P42124,P21860,1.0000,bert
P42124,Q14457,1.0000,bert
P42124,O15520,1.0000,bert
P42124,Q91ZM2,1.0000,bert
P42124,P16410,1.0000,bert
P42124,P18627,1.0000,bert
P42124,O43741,1.0000,bert
P42124,P08922,1.0000,bert
P42124,Q969H0,1.0000,bert
P42124,Q6VAB6,1.0000,bert
P42124,Q13426,1.0000,bert
P42124,Q9UBC3,1.0000,bert
P42124,P32120,1.0000,bert
P42124,P42082,1.0000,bert
P42124,P00533,1.0000,bert
Q9Y4B6,P04637,1.0000,bert
Q9Y4B6,P38398,1.0000,bert
Q9Y4B6,Q8TDQ0,1.0000,bert
Q9Y4B6,P17809,1.0000,bert
Q9Y4B6,Q8NFD5,1.0000,bert
Q9Y4B6,P21860,1.0000,bert
Q9Y4B6,Q14457,1.0000,bert
Q9Y4B6,O15520,1.0000,bert
Q9Y4B6,Q91ZM2,1.0000,bert
Q9Y4B6,P16410,1.0000,bert
Q9Y4B6,P18627,1.0000,bert
Q9Y4B6,O43741,1.0000,bert
Q9Y4B6,P08922,1.0000,bert
Q9Y4B6,Q969H0,1.0000,bert
Q9Y4B6,Q6VAB6,1.0000,bert
Q9Y4B6,Q13426,1.0000,bert
Q9Y4B6,Q9UBC3,1.0000,bert
Q9Y4B6,P32120,1.0000,bert
Q9Y4B6,P42082,1.0000,bert
Q9Y4B6,P00533,1.0000,bert
P78423,P04637,1.0000,bert
P78423,P38398,1.0000,bert
P78423,Q8TDQ0,1.0000,bert
P78423,P17809,1.0000,bert
P78423,Q8NFD5,1.0000,bert
P78423,P21860,1.0000,bert
P78423,Q14457,1.0000,bert
P78423,O15520,1.0000,bert
P78423,Q91ZM2,1.0000,bert
P78423,P16410,1.0000,bert
P78423,P18627,1.0000,bert
P78423,O43741,1.0000,bert
P78423,P08922,1.0000,bert
P78423,Q969H0,1.0000,bert
P78423,Q6VAB6,1.0000,bert
P78423,Q13426,1.0000,bert
P78423,Q9UBC3,1.0000,bert
P78423,P32120,1.0000,bert
P78423,P42082,1.0000,bert
P78423,P00533,1.0000,bert
P42227,P04637,1.0000,bert
P42227,P38398,1.0000,bert
P42227,Q8TDQ0,1.0000,bert
P42227,P17809,1.0000,bert
P42227,Q8NFD5,1.0000,bert
P42227,P21860,1.0000,bert
P42227,Q14457,1.0000,bert
P42227,O15520,1.0000,bert
P42227,Q91ZM2,1.0000,bert
P42227,P16410,1.0000,bert
P42227,P18627,1.0000,bert
P42227,O43741,1.0000,bert
P42227,P08922,1.0000,bert
P42227,Q969H0,1.0000,bert
P42227,Q6VAB6,1.0000,bert
P42227,Q13426,1.0000,bert
P42227,Q9UBC3,1.0000,bert
P42227,P32120,1.0000,bert
P42227,P42082,1.0000,bert
P42227,P00533,1.0000,bert
Q13547,P04637,1.0000,bert
Q13547,P38398,1.0000,bert
Q13547,Q8TDQ0,1.0000,bert
Q13547,P17809,1.0000,bert
Q13547,Q8NFD5,1.0000,bert
Q13547,P21860,1.0000,bert
Q13547,Q14457,1.0000,bert
Q13547,O15520,1.0000,bert
Q13547,Q91ZM2,1.0000,bert
Q13547,P16410,1.0000,bert
Q13547,P18627,1.0000,bert
Q13547,O43741,1.0000,bert
Q13547,P08922,1.0000,bert
Q13547,Q969H0,1.0000,bert
Q13547,Q6VAB6,1.0000,bert
Q13547,Q13426,1.0000,bert
Q13547,Q9UBC3,1.0000,bert
Q13547,P32120,1.0000,bert
Q13547,P42082,1.0000,bert
Q13547,P00533,1.0000,bert
O00253,P04637,1.0000,bert
O00253,P38398,1.0000,bert
O00253,Q8TDQ0,1.0000,bert
O00253,P17809,1.0000,bert
O00253,Q8NFD5,1.0000,bert
O00253,P21860,1.0000,bert
O00253,Q14457,1.0000,bert
O00253,O15520,1.0000,bert
O00253,Q91ZM2,1.0000,bert
O00253,P16410,1.0000,bert
O00253,P18627,1.0000,bert
O00253,O43741,1.0000,bert
O00253,P08922,1.0000,bert
O00253,Q969H0,1.0000,bert
O00253,Q6VAB6,1.0000,bert
O00253,Q13426,1.0000,bert
O00253,Q9UBC3,1.0000,bert
O00253,P32120,1.0000,bert
O00253,P42082,1.0000,bert
O00253,P00533,1.0000,bert
Q07812,P04637,1.0000,bert
Q07812,P38398,1.0000,bert
Q07812,Q8TDQ0,1.0000,bert
Q07812,P17809,1.0000,bert
Q07812,Q8NFD5,1.0000,bert
Q07812,P21860,1.0000,bert
Q07812,Q14457,1.0000,bert
Q07812,O15520,1.0000,bert
Q07812,Q91ZM2,1.0000,bert
Q07812,P16410,1.0000,bert
Q07812,P18627,1.0000,bert
Q07812,O43741,1.0000,bert
Q07812,P08922,1.0000,bert
Q07812,Q969H0,1.0000,bert
Q07812,Q6VAB6,1.0000,bert
Q07812,Q13426,1.0000,bert
Q07812,Q9UBC3,1.0000,bert
Q07812,P32120,1.0000,bert
Q07812,P42082,1.0000,bert
Q07812,P00533,1.0000,bert
P25118,P04637,1.0000,bert
P25118,P38398,1.0000,bert
P25118,Q8TDQ0,1.0000,bert
P25118,P17809,1.0000,bert
P25118,Q8NFD5,1.0000,bert
P25118,P21860,1.0000,bert
P25118,Q14457,1.0000,bert
P25118,O15520,1.0000,bert
P25118,Q91ZM2,1.0000,bert
P25118,P16410,1.0000,bert
P25118,P18627,1.0000,bert
P25118,O43741,1.0000,bert
P25118,P08922,1.0000,bert
P25118,Q969H0,1.0000,bert
P25118,Q6VAB6,1.0000,bert
P25118,Q13426,1.0000,bert
P25118,Q9UBC3,1.0000,bert
P25118,P32120,1.0000,bert
P25118,P42082,1.0000,bert
P25118,P00533,1.0000,bert
O60934,P04637,1.0000,bert
O60934,P38398,1.0000,bert
O60934,Q8TDQ0,1.0000,bert
O60934,P17809,1.0000,bert
O60934,Q8NFD5,1.0000,bert
O60934,P21860,1.0000,bert
O60934,Q14457,1.0000,bert
O60934,O15520,1.0000,bert
O60934,Q91ZM2,1.0000,bert
O60934,P16410,1.0000,bert
O60934,P18627,1.0000,bert
O60934,O43741,1.0000,bert
O60934,P08922,1.0000,bert
O60934,Q969H0,1.0000,bert
O60934,Q6VAB6,1.0000,bert
O60934,Q13426,1.0000,bert
O60934,Q9UBC3,1.0000,bert
O60934,P32120,1.0000,bert
O60934,P42082,1.0000,bert
O60934,P00533,1.0000,bert
P42574,P04637,1.0000,bert
P42574,P38398,1.0000,bert
P42574,Q8TDQ0,1.0000,bert
P42574,P17809,1.0000,bert
P42574,Q8NFD5,1.0000,bert
P42574,P21860,1.0000,bert
P42574,Q14457,1.0000,bert
P42574,O15520,1.0000,bert
P42574,Q91ZM2,1.0000,bert
P42574,P16410,1.0000,bert
P42574,P18627,1.0000,bert
P42574,O43741,1.0000,bert
P42574,P08922,1.0000,bert
P42574,Q969H0,1.0000,bert
P42574,Q6VAB6,1.0000,bert
P42574,Q13426,1.0000,bert
P42574,Q9UBC3,1.0000,bert
P42574,P32120,1.0000,bert
P42574,P42082,1.0000,bert
P42574,P00533,1.0000,bert
P14784,P04637,1.0000,bert
P14784,P38398,1.0000,bert
P14784,Q8TDQ0,1.0000,bert
P14784,P17809,1.0000,bert
P14784,Q8NFD5,1.0000,bert
P14784,P21860,1.0000,bert
P14784,Q14457,1.0000,bert
P14784,O15520,1.0000,bert
P14784,Q91ZM2,1.0000,bert
P14784,P16410,1.0000,bert
P14784,P18627,1.0000,bert
P14784,O43741,1.0000,bert
P14784,P08922,1.0000,bert
P14784,Q969H0,1.0000,bert
P14784,Q6VAB6,1.0000,bert
P14784,Q13426,1.0000,bert
P14784,Q9UBC3,1.0000,bert
P14784,P32120,1.0000,bert
P14784,P42082,1.0000,bert
P14784,P00533,1.0000,bert
P10145,P04637,1.0000,bert
P10145,P38398,1.0000,bert
P10145,Q8TDQ0,1.0000,bert
P10145,P17809,1.0000,bert
P10145,Q8NFD5,1.0000,bert
P10145,P21860,1.0000,bert
P10145,Q14457,1.0000,bert
P10145,O15520,1.0000,bert
P10145,Q91ZM2,1.0000,bert
P10145,P16410,1.0000,bert
P10145,P18627,1.0000,bert
P10145,O43741,1.0000,bert
P10145,P08922,1.0000,bert
P10145,Q969H0,1.0000,bert
P10145,Q6VAB6,1.0000,bert
P10145,Q13426,1.0000,bert
P10145,Q9UBC3,1.0000,bert
P10145,P32120,1.0000,bert
P10145,P42082,1.0000,bert
P10145,P00533,1.0000,bert
P22682,P04637,1.0000,bert
P22682,P38398,1.0000,bert
P22682,Q8TDQ0,1.0000,bert
P22682,P17809,1.0000,bert
P22682,Q8NFD5,1.0000,bert
P22682,P21860,1.0000,bert
P22682,Q14457,1.0000,bert
P22682,O15520,1.0000,bert
P22682,Q91ZM2,1.0000,bert
P22682,P16410,1.0000,bert
P22682,P18627,1.0000,bert
P22682,O43741,1.0000,bert
P22682,P08922,1.0000,bert
P22682,Q969H0,1.0000,bert
P22682,Q6VAB6,1.0000,bert
P22682,Q13426,1.0000,bert
P22682,Q9UBC3,1.0000,bert
P22682,P32120,1.0000,bert
P22682,P42082,1.0000,bert
P22682,P00533,1.0000,bert
P31750,P04637,1.0000,bert
P31750,P38398,1.0000,bert
P31750,Q8TDQ0,1.0000,bert
P31750,P17809,1.0000,bert
P31750,Q8NFD5,1.0000,bert
P31750,P21860,1.0000,bert
P31750,Q14457,1.0000,bert
P31750,O15520,1.0000,bert
P31750,Q91ZM2,1.0000,bert
P31750,P16410,1.0000,bert
P31750,P18627,1.0000,bert
P31750,O43741,1.0000,bert
P31750,P08922,1.0000,bert
P31750,Q969H0,1.0000,bert
P31750,Q6VAB6,1.0000,bert
P31750,Q13426,1.0000,bert
P31750,Q9UBC3,1.0000,bert
P31750,P32120,1.0000,bert
P31750,P42082,1.0000,bert
P31750,P00533,1.0000,bert
P22681,P04637,1.0000,bert
P22681,P38398,1.0000,bert
P22681,Q8TDQ0,1.0000,bert
P22681,P17809,1.0000,bert
P22681,Q8NFD5,1.0000,bert
P22681,P21860,1.0000,bert
P22681,Q14457,1.0000,bert
P22681,O15520,1.0000,bert
P22681,Q91ZM2,1.0000,bert
P22681,P16410,1.0000,bert
P22681,P18627,1.0000,bert
P22681,O43741,1.0000,bert
P22681,P08922,1.0000,bert
P22681,Q969H0,1.0000,bert
P22681,Q6VAB6,1.0000,bert
P22681,Q13426,1.0000,bert
P22681,Q9UBC3,1.0000,bert
P22681,P32120,1.0000,bert
P22681,P42082,1.0000,bert
P22681,P00533,1.0000,bert
P07948,P04637,1.0000,bert
P07948,P38398,1.0000,bert
P07948,Q8TDQ0,1.0000,bert
P07948,P17809,1.0000,bert
P07948,Q8NFD5,1.0000,bert
P07948,P21860,1.0000,bert
P07948,Q14457,1.0000,bert
P07948,O15520,1.0000,bert
P07948,Q91ZM2,1.0000,bert
P07948,P16410,1.0000,bert
P07948,P18627,1.0000,bert
P07948,O43741,1.0000,bert
P07948,P08922,1.0000,bert
P07948,Q969H0,1.0000,bert
P07948,Q6VAB6,1.0000,bert
P07948,Q13426,1.0000,bert
P07948,Q9UBC3,1.0000,bert
P07948,P32120,1.0000,bert
P07948,P42082,1.0000,bert
P07948,P00533,1.0000,bert
Q8NBP7,P04637,1.0000,bert
Q8NBP7,P38398,1.0000,bert
Q8NBP7,Q8TDQ0,1.0000,bert
Q8NBP7,P17809,1.0000,bert
Q8NBP7,Q8NFD5,1.0000,bert
Q8NBP7,P21860,1.0000,bert
Q8NBP7,Q14457,1.0000,bert
Q8NBP7,O15520,1.0000,bert
Q8NBP7,Q91ZM2,1.0000,bert
Q8NBP7,P16410,1.0000,bert
Q8NBP7,P18627,1.0000,bert
Q8NBP7,O43741,1.0000,bert
Q8NBP7,P08922,1.0000,bert
Q8NBP7,Q969H0,1.0000,bert
Q8NBP7,Q6VAB6,1.0000,bert
Q8NBP7,Q13426,1.0000,bert
Q8NBP7,Q9UBC3,1.0000,bert
Q8NBP7,P32120,1.0000,bert
Q8NBP7,P42082,1.0000,bert
Q8NBP7,P00533,1.0000,bert
Q61527,P04637,1.0000,bert
Q61527,P38398,1.0000,bert
Q61527,Q8TDQ0,1.0000,bert
Q61527,P17809,1.0000,bert
Q61527,Q8NFD5,1.0000,bert
Q61527,P21860,1.0000,bert
Q61527,Q14457,1.0000,bert
Q61527,O15520,1.0000,bert
Q61527,Q91ZM2,1.0000,bert
Q61527,P16410,1.0000,bert
Q61527,P18627,1.0000,bert
Q61527,O43741,1.0000,bert
Q61527,P08922,1.0000,bert
Q61527,Q969H0,1.0000,bert
Q61527,Q6VAB6,1.0000,bert
Q61527,Q13426,1.0000,bert
Q61527,Q9UBC3,1.0000,bert
Q61527,P32120,1.0000,bert
Q61527,P42082,1.0000,bert
Q61527,P00533,1.0000,bert
O15263,P04637,1.0000,bert
O15263,P38398,1.0000,bert
O15263,Q8TDQ0,1.0000,bert
O15263,P17809,1.0000,bert
O15263,Q8NFD5,1.0000,bert
O15263,P21860,1.0000,bert
O15263,Q14457,1.0000,bert
O15263,O15520,1.0000,bert
O15263,Q91ZM2,1.0000,bert
O15263,P16410,1.0000,bert
O15263,P18627,1.0000,bert
O15263,O43741,1.0000,bert
O15263,P08922,1.0000,bert
O15263,Q969H0,1.0000,bert
O15263,Q6VAB6,1.0000,bert
O15263,Q13426,1.0000,bert
O15263,Q9UBC3,1.0000,bert
O15263,P32120,1.0000,bert
O15263,P42082,1.0000,bert
O15263,P00533,1.0000,bert
P05230,P04637,1.0000,bert
P05230,P38398,1.0000,bert
P05230,Q8TDQ0,1.0000,bert
P05230,P17809,1.0000,bert
P05230,Q8NFD5,1.0000,bert
P05230,P21860,1.0000,bert
P05230,Q14457,1.0000,bert
P05230,O15520,1.0000,bert
P05230,Q91ZM2,1.0000,bert
P05230,P16410,1.0000,bert
P05230,P18627,1.0000,bert
P05230,O43741,1.0000,bert
P05230,P08922,1.0000,bert
P05230,Q969H0,1.0000,bert
P05230,Q6VAB6,1.0000,bert
P05230,Q13426,1.0000,bert
P05230,Q9UBC3,1.0000,bert
P05230,P32120,1.0000,bert
P05230,P42082,1.0000,bert
P05230,P00533,1.0000,bert
P05555,P04637,1.0000,bert
P05555,P38398,1.0000,bert
P05555,Q8TDQ0,1.0000,bert
P05555,P17809,1.0000,bert
P05555,Q8NFD5,1.0000,bert
P05555,P21860,1.0000,bert
P05555,Q14457,1.0000,bert
P05555,O15520,1.0000,bert
P05555,Q91ZM2,1.0000,bert
P05555,P16410,1.0000,bert
P05555,P18627,1.0000,bert
P05555,O43741,1.0000,bert
P05555,P08922,1.0000,bert
P05555,Q969H0,1.0000,bert
P05555,Q6VAB6,1.0000,bert
P05555,Q13426,1.0000,bert
P05555,Q9UBC3,1.0000,bert
P05555,P32120,1.0000,bert
P05555,P42082,1.0000,bert
P05555,P00533,1.0000,bert
Q00987,P04637,1.0000,bert
Q00987,P38398,1.0000,bert
Q00987,Q8TDQ0,1.0000,bert
Q00987,P17809,1.0000,bert
Q00987,Q8NFD5,1.0000,bert
Q00987,P21860,1.0000,bert
Q00987,Q14457,1.0000,bert
Q00987,O15520,1.0000,bert
Q00987,Q91ZM2,1.0000,bert
Q00987,P16410,1.0000,bert
Q00987,P18627,1.0000,bert
Q00987,O43741,1.0000,bert
Q00987,P08922,1.0000,bert
Q00987,Q969H0,1.0000,bert
Q00987,Q6VAB6,1.0000,bert
Q00987,Q13426,1.0000,bert
Q00987,Q9UBC3,1.0000,bert
Q00987,P32120,1.0000,bert
Q00987,P42082,1.0000,bert
Q00987,P00533,1.0000,bert
P70658,P04637,1.0000,bert
P70658,P38398,1.0000,bert
P70658,Q8TDQ0,1.0000,bert
P70658,P17809,1.0000,bert
P70658,Q8NFD5,1.0000,bert
P70658,P21860,1.0000,bert
P70658,Q14457,1.0000,bert
P70658,O15520,1.0000,bert
P70658,Q91ZM2,1.0000,bert
P70658,P16410,1.0000,bert
P70658,P18627,1.0000,bert
P70658,O43741,1.0000,bert
P70658,P08922,1.0000,bert
P70658,Q969H0,1.0000,bert
P70658,Q6VAB6,1.0000,bert
P70658,Q13426,1.0000,bert
P70658,Q9UBC3,1.0000,bert
P70658,P32120,1.0000,bert
P70658,P42082,1.0000,bert
P70658,P00533,1.0000,bert
Q9UH17,P04637,1.0000,bert
Q9UH17,P38398,1.0000,bert
Q9UH17,Q8TDQ0,1.0000,bert
Q9UH17,P17809,1.0000,bert
Q9UH17,Q8NFD5,1.0000,bert
Q9UH17,P21860,1.0000,bert
Q9UH17,Q14457,1.0000,bert
Q9UH17,O15520,1.0000,bert
Q9UH17,Q91ZM2,1.0000,bert
Q9UH17,P16410,1.0000,bert
Q9UH17,P18627,1.0000,bert
Q9UH17,O43741,1.0000,bert
Q9UH17,P08922,1.0000,bert
Q9UH17,Q969H0,1.0000,bert
Q9UH17,Q6VAB6,1.0000,bert
Q9UH17,Q13426,1.0000,bert
Q9UH17,Q9UBC3,1.0000,bert
Q9UH17,P32120,1.0000,bert
Q9UH17,P42082,1.0000,bert
Q9UH17,P00533,1.0000,bert
P28223,P04637,1.0000,bert
P28223,P38398,1.0000,bert
P28223,Q8TDQ0,1.0000,bert
P28223,P17809,1.0000,bert
P28223,Q8NFD5,1.0000,bert
P28223,P21860,1.0000,bert
P28223,Q14457,1.0000,bert
P28223,O15520,1.0000,bert
P28223,Q91ZM2,1.0000,bert
P28223,P16410,1.0000,bert
P28223,P18627,1.0000,bert
P28223,O43741,1.0000,bert
P28223,P08922,1.0000,bert
P28223,Q969H0,1.0000,bert
P28223,Q6VAB6,1.0000,bert
P28223,Q13426,1.0000,bert
P28223,Q9UBC3,1.0000,bert
P28223,P32120,1.0000,bert
P28223,P42082,1.0000,bert
P28223,P00533,1.0000,bert
O15550,P04637,1.0000,bert
O15550,P38398,1.0000,bert
O15550,Q8TDQ0,1.0000,bert
O15550,P17809,1.0000,bert
O15550,Q8NFD5,1.0000,bert
O15550,P21860,1.0000,bert
O15550,Q14457,1.0000,bert
O15550,O15520,1.0000,bert
O15550,Q91ZM2,1.0000,bert
O15550,P16410,1.0000,bert
O15550,P18627,1.0000,bert
O15550,O43741,1.0000,bert
O15550,P08922,1.0000,bert
O15550,Q969H0,1.0000,bert
O15550,Q6VAB6,1.0000,bert
O15550,Q13426,1.0000,bert
O15550,Q9UBC3,1.0000,bert
O15550,P32120,1.0000,bert
O15550,P42082,1.0000,bert
O15550,P00533,1.0000,bert
P15927,P04637,1.0000,bert
P15927,P38398,1.0000,bert
P15927,Q8TDQ0,1.0000,bert
P15927,P17809,1.0000,bert
P15927,Q8NFD5,1.0000,bert
P15927,P21860,1.0000,bert
P15927,Q14457,1.0000,bert
P15927,O15520,1.0000,bert
P15927,Q91ZM2,1.0000,bert
P15927,P16410,1.0000,bert
P15927,P18627,1.0000,bert
P15927,O43741,1.0000,bert
P15927,P08922,1.0000,bert
P15927,Q969H0,1.0000,bert
P15927,Q6VAB6,1.0000,bert
P15927,Q13426,1.0000,bert
P15927,Q9UBC3,1.0000,bert
P15927,P32120,1.0000,bert
P15927,P42082,1.0000,bert
P15927,P00533,1.0000,bert
Q96EB6,P04637,1.0000,bert
Q96EB6,P38398,1.0000,bert
Q96EB6,Q8TDQ0,1.0000,bert
Q96EB6,P17809,1.0000,bert
Q96EB6,Q8NFD5,1.0000,bert
Q96EB6,P21860,1.0000,bert
Q96EB6,Q14457,1.0000,bert
Q96EB6,O15520,1.0000,bert
Q96EB6,Q91ZM2,1.0000,bert
Q96EB6,P16410,1.0000,bert
Q96EB6,P18627,1.0000,bert
Q96EB6,O43741,1.0000,bert
Q96EB6,P08922,1.0000,bert
Q96EB6,Q969H0,1.0000,bert
Q96EB6,Q6VAB6,1.0000,bert
Q96EB6,Q13426,1.0000,bert
Q96EB6,Q9UBC3,1.0000,bert
Q96EB6,P32120,1.0000,bert
Q96EB6,P42082,1.0000,bert
Q96EB6,P00533,1.0000,bert
P05231,P04637,1.0000,bert
P05231,P38398,1.0000,bert
P05231,Q8TDQ0,1.0000,bert
P05231,P17809,1.0000,bert
P05231,Q8NFD5,1.0000,bert
P05231,P21860,1.0000,bert
P05231,Q14457,1.0000,bert
P05231,O15520,1.0000,bert
P05231,Q91ZM2,1.0000,bert
P05231,P16410,1.0000,bert
P05231,P18627,1.0000,bert
P05231,O43741,1.0000,bert
P05231,P08922,1.0000,bert
P05231,Q969H0,1.0000,bert
P05231,Q6VAB6,1.0000,bert
P05231,Q13426,1.0000,bert
P05231,Q9UBC3,1.0000,bert
P05231,P32120,1.0000,bert
P05231,P42082,1.0000,bert
P05231,P00533,1.0000,bert
P29274,P04637,1.0000,bert
P29274,P38398,1.0000,bert
P29274,Q8TDQ0,1.0000,bert
P29274,P17809,1.0000,bert
P29274,Q8NFD5,1.0000,bert
P29274,P21860,1.0000,bert
P29274,Q14457,1.0000,bert
P29274,O15520,1.0000,bert
P29274,Q91ZM2,1.0000,bert
P29274,P16410,1.0000,bert
P29274,P18627,1.0000,bert
P29274,O43741,1.0000,bert
P29274,P08922,1.0000,bert
P29274,Q969H0,1.0000,bert
P29274,Q6VAB6,1.0000,bert
P29274,Q13426,1.0000,bert
P29274,Q9UBC3,1.0000,bert
P29274,P32120,1.0000,bert
P29274,P42082,1.0000,bert
P29274,P00533,1.0000,bert
P07766,P04637,1.0000,bert
P07766,P38398,1.0000,bert
P07766,Q8TDQ0,1.0000,bert
P07766,P17809,1.0000,bert
P07766,Q8NFD5,1.0000,bert
P07766,P21860,1.0000,bert
P07766,Q14457,1.0000,bert
P07766,O15520,1.0000,bert
P07766,Q91ZM2,1.0000,bert
P07766,P16410,1.0000,bert
P07766,P18627,1.0000,bert
P07766,O43741,1.0000,bert
P07766,P08922,1.0000,bert
P07766,Q969H0,1.0000,bert
P07766,Q6VAB6,1.0000,bert
P07766,Q13426,1.0000,bert
P07766,Q9UBC3,1.0000,bert
P07766,P32120,1.0000,bert
P07766,P42082,1.0000,bert
P07766,P00533,1.0000,bert
P33681,P04637,1.0000,bert
P33681,P38398,1.0000,bert
P33681,Q8TDQ0,1.0000,bert
P33681,P17809,1.0000,bert
P33681,Q8NFD5,1.0000,bert
P33681,P21860,1.0000,bert
P33681,Q14457,1.0000,bert
P33681,O15520,1.0000,bert
P33681,Q91ZM2,1.0000,bert
P33681,P16410,1.0000,bert
P33681,P18627,1.0000,bert
P33681,O43741,1.0000,bert
P33681,P08922,1.0000,bert
P33681,Q969H0,1.0000,bert
P33681,Q6VAB6,1.0000,bert
P33681,Q13426,1.0000,bert
P33681,Q9UBC3,1.0000,bert
P33681,P32120,1.0000,bert
P33681,P42082,1.0000,bert
P33681,P00533,1.0000,bert
Q01094,P04637,1.0000,bert
Q01094,P38398,1.0000,bert
Q01094,Q8TDQ0,1.0000,bert
Q01094,P17809,1.0000,bert
Q01094,Q8NFD5,1.0000,bert
Q01094,P21860,1.0000,bert
Q01094,Q14457,1.0000,bert
Q01094,O15520,1.0000,bert
Q01094,Q91ZM2,1.0000,bert
Q01094,P16410,1.0000,bert
Q01094,P18627,1.0000,bert
Q01094,O43741,1.0000,bert
Q01094,P08922,1.0000,bert
Q01094,Q969H0,1.0000,bert
Q01094,Q6VAB6,1.0000,bert
Q01094,Q13426,1.0000,bert
Q01094,Q9UBC3,1.0000,bert
Q01094,P32120,1.0000,bert
Q01094,P42082,1.0000,bert
Q01094,P00533,1.0000,bert
P30533,P04637,1.0000,bert
P30533,P38398,1.0000,bert
P30533,Q8TDQ0,1.0000,bert
P30533,P17809,1.0000,bert
P30533,Q8NFD5,1.0000,bert
P30533,P21860,1.0000,bert
P30533,Q14457,1.0000,bert
P30533,O15520,1.0000,bert
P30533,Q91ZM2,1.0000,bert
P30533,P16410,1.0000,bert
P30533,P18627,1.0000,bert
P30533,O43741,1.0000,bert
P30533,P08922,1.0000,bert
P30533,Q969H0,1.0000,bert
P30533,Q6VAB6,1.0000,bert
P30533,Q13426,1.0000,bert
P30533,Q9UBC3,1.0000,bert
P30533,P32120,1.0000,bert
P30533,P42082,1.0000,bert
P30533,P00533,1.0000,bert
